CardAudio/0/_id,card ID,name,audio0,audio1,audio2,audio3,audio4,audio5,audio6
1575,202098,Eyck of Densele,SAY.Battlecries_part4.148,SAY.Battlecries_part4.152,SAY.Battlecries_part4.151,SAY.Battlecries_part4.150,SAY.Battlecries_part4.149,,
1576,202100,Prince Vilem,SAY.Battlecries_part4.158,SAY.Battlecries_part4.162,SAY.Battlecries_part4.161,SAY.Battlecries_part4.160,SAY.Battlecries_part4.159,,
1577,202101,Count Caldwell,SAY.Battlecries_part4.153,SAY.Battlecries_part4.157,SAY.Battlecries_part4.156,SAY.Battlecries_part4.155,SAY.Battlecries_part4.154,,
1578,202102,Xavier Lemmens,SAY.Battlecries_part4.163,SAY.Battlecries_part4.167,SAY.Battlecries_part4.166,SAY.Battlecries_part4.165,SAY.Battlecries_part4.164,,
1579,202044,Gimpy Gerwin,SAY.Battlecries_part4.238,SAY.Battlecries_part4.259,SAY.Battlecries_part4.258,SAY.Battlecries_part4.257,,,
1580,202064,Ivo of Belhaven,SAY.Battlecries_part4.220,SAY.Battlecries_part4.248,SAY.Battlecries_part4.247,SAY.Battlecries_part4.246,SAY.Battlecries_part4.245,,
1581,202054,Elf and Onion Soup,,,,,,,
1582,202121,Strays of Spalla,SAY.Battlecries_part4.78,SAY.Battlecries_part4.79,SAY.Battlecries_part4.80,SAY.Battlecries_part4.81,SAY.Battlecries_part4.82,,
1583,202099,Gascon,SAY.Battlecries_part4.143,SAY.Battlecries_part4.147,SAY.Battlecries_part4.146,SAY.Battlecries_part4.145,SAY.Battlecries_part4.144,,
1584,202122,Bomb Heaver,SAY.Battlecries_part4.25,SAY.Battlecries_part4.26,SAY.Battlecries_part4.27,SAY.Battlecries_part4.28,SAY.Battlecries_part4.29,,
1586,202108,Isbel of Hagge,SAY.Battlecries_part4.198,SAY.Battlecries_part4.199,SAY.Battlecries_part4.200,SAY.Battlecries_part4.201,SAY.Battlecries_part4.202,,
1587,202111,Trahearn var Vdyffir,SAY.Battlecries_part4.203,SAY.Battlecries_part4.204,SAY.Battlecries_part4.205,SAY.Battlecries_part4.206,SAY.Battlecries_part4.207,,
1588,202112,Reynard Odo,SAY.Battlecries_part4.133,SAY.Battlecries_part4.134,SAY.Battlecries_part4.135,SAY.Battlecries_part4.136,SAY.Battlecries_part4.137,,
1589,202113,Black Rayla,SAY.Battlecries_part4.128,SAY.Battlecries_part4.132,SAY.Battlecries_part4.131,SAY.Battlecries_part4.130,SAY.Battlecries_part4.129,,
1590,202150,Vysogota of Corvo,SAY.Battlecries_part5.244,SAY.Battlecries_part5.245,SAY.Battlecries_part5.246,,,,
1592,202153,Lyrian Cavalry,SAY.Battlecries_part4.7,SAY.Battlecries_part4.8,SAY.Battlecries_part4.9,SAY.Battlecries_part4.10,SAY.Battlecries_part4.11,,
1593,202154,Rivian Pikeman,SAY.Battlecries_part4.19,SAY.Battlecries_part4.20,SAY.Battlecries_part4.21,SAY.Battlecries_part4.22,SAY.Battlecries_part4.23,,
1594,202155,Lyrian Arbalest,SAY.Battlecries_part4.1,SAY.Battlecries_part4.2,SAY.Battlecries_part4.5,SAY.Battlecries_part4.4,SAY.Battlecries_part4.3,,
1595,202156,Lyrian Landsknecht,SAY.Battlecries_part4.13,SAY.Battlecries_part4.14,SAY.Battlecries_part4.15,SAY.Battlecries_part4.16,SAY.Battlecries_part4.17,,
1596,202109,Lippy Gudmund,SAY.Battlecries_part4.208,SAY.Battlecries_part4.212,SAY.Battlecries_part4.211,SAY.Battlecries_part4.210,SAY.Battlecries_part4.209,,
1597,202110,Dagur Two Blades,SAY.Battlecries_part3.125,SAY.Battlecries_part3.127,SAY.Battlecries_part3.126,,,,
1598,202114,Phoenix Hatchling,,,,,,,
1599,202149,Angouleme,SAY.Battlecries_part5.218,SAY.Battlecries_part5.219,SAY.Battlecries_part5.220,SAY.Battlecries_part5.221,SAY.Battlecries_part5.222,,
1600,202103,Keltullis,SAY.Battlecries_part4.188,SAY.Battlecries_part4.192,SAY.Battlecries_part4.191,SAY.Battlecries_part4.190,SAY.Battlecries_part4.189,,
1601,202105,Glustyworp,,,,,,,
1602,202107,Barnabas Beckenbauer,SAY.Battlecries_part4.183,SAY.Battlecries_part4.187,SAY.Battlecries_part4.186,SAY.Battlecries_part4.185,SAY.Battlecries_part4.184,,
1603,202148,King Demavend III,SAY.Battlecries_part3.189,SAY.Battlecries_part3.191,SAY.Battlecries_part3.190,,,,
1605,202095,Tutorial Human Leader,SAY.Battlecries.227,SAY.Battlecries.228,SAY.Battlecries.229,,,,
1606,202094,_temp_Falibors Archer,SAY.Battlecries.227,SAY.Battlecries.228,SAY.Battlecries.229,,,,
1607,202115,Eldain,SAY.Battlecries_part4.173,SAY.Battlecries_part4.177,SAY.Battlecries_part4.176,SAY.Battlecries_part4.175,SAY.Battlecries_part4.174,,
1608,202119,Arnjolf Kinkiller,SAY.Battlecries_part4.214,SAY.Battlecries_part4.218,SAY.Battlecries_part4.217,SAY.Battlecries_part4.216,SAY.Battlecries_part4.215,,
1609,202116,Meve,SAY.Battlecries_part4.138,SAY.Battlecries_part4.142,SAY.Battlecries_part4.141,SAY.Battlecries_part4.140,SAY.Battlecries_part4.139,,
1610,202117,Gernichora,,,,,,,
1611,202118,Ardal aep Dahy,SAY.Battlecries_part4.193,SAY.Battlecries_part4.197,SAY.Battlecries_part4.196,SAY.Battlecries_part4.195,SAY.Battlecries_part4.194,,
1612,202181,Frenzied Siren,,,,,,,
1613,202184,Elven Ambusher,SAY.Battlecries_part5.332,SAY.Battlecries_part5.333,SAY.Battlecries_part5.334,SAY.Battlecries_part5.335,SAY.Battlecries_part5.336,,
1614,202183,Gernichora's Fruit,,,,,,,
1615,202290,_temp_Gladiator Bear,,,,,,,
1616,201725,Shupe: Mage,,,,,,,
1617,201737,Shupe: Knight,,,,,,,
1618,201731,Shupe: Hunter,,,,,,,
1619,202191,Tesham Mutna Sword,,,,,,,
1620,202192,Hen Gaidth Sword,,,,,,,
1621,202193,Land of a Thousand Fables,,,,,,,
1622,202194,Syanna,SAY.Battlecries_part3.149,SAY.Battlecries_part3.152,SAY.Battlecries_part3.151,SAY.Battlecries_part3.150,,,
1623,202195,Regis: Bloodlust,,,,,,,
1624,202196,Lady of the Lake,SAY.Battlecries_part3.26,SAY.Battlecries_part3.29,SAY.Battlecries_part3.28,SAY.Battlecries_part3.27,,,
1625,202198,Vivienne: Oriole,SAY.Battlecries_part3.145,SAY.Battlecries_part3.147,SAY.Battlecries_part3.146,,,,
1626,202197,Fisher King,,,,,,,
1627,202199,Gregoire de Gorgon,,,,,,,
1628,202200,Musicians Of Blaviken,,,,,,,
1629,202201,Portal,,,,,,,
1630,202202,Sangreal,,,,,,,
1631,202203,Tempest,,,,,,,
1632,202204,Curse of Corruption,,,,,,,
1633,202220,Scepter of Storms,,,,,,,
1634,202205,Sandstorm,,,,,,,
1635,202206,Dancing Star,,,,,,,
1636,202207,Devil's Puffball,,,,,,,
1637,202208,Northern Wind,,,,,,,
1638,202209,Moon Dust,,,,,,,
1639,202210,Samum,,,,,,,
1640,202211,Red Haze,,,,,,,
1641,202212,Inspirational Ballad,,,,,,,
1642,202213,Thaw,,,,,,,
1643,201661,Watchman,SAY.Battlecries.3151,SAY.Battlecries.3152,SAY.Battlecries.3153,SAY.Battlecries.3154,SAY.Battlecries.3155,,
1644,202215,Traveling Merchant,SAY.Battlecries.3146,SAY.Battlecries.3147,SAY.Battlecries.3148,SAY.Battlecries.3149,SAY.Battlecries.3150,,
1645,202216,Pellar,SAY.Battlecries.3141,SAY.Battlecries.3142,SAY.Battlecries.3143,SAY.Battlecries.3144,SAY.Battlecries.3145,,
1646,202217,Cutthroat,SAY.Battlecries.3136,SAY.Battlecries.3137,SAY.Battlecries.3138,SAY.Battlecries.3139,SAY.Battlecries.3140,,
1647,202218,Oxenfurt Scholar,SAY.Battlecries.3131,SAY.Battlecries.3132,SAY.Battlecries.3133,SAY.Battlecries.3134,SAY.Battlecries.3135,,
1648,202219,Spring Equinox,,,,,,,
1649,202227,Undying Thirst,,,,,,,
1650,202185,Dettlaff van der Eretein,SAY.Battlecries_part3.259,SAY.Battlecries_part3.262,SAY.Battlecries_part3.261,SAY.Battlecries_part3.260,,,
1651,202291,Dettlaff: Higher Vampire,,,,,,,
1652,202222,Orianna,SAY.Battlecries_part3.158,SAY.Battlecries_part3.160,SAY.Battlecries_part3.159,,,,
1653,202190,Crimson Curse,,,,,,,
1654,202223,Protofleder,,,,,,,
1655,202226,Gael,,,,,,,
1658,202221,Queen of the Night,SAY.Battlecries_part5.128,SAY.Battlecries_part5.130,SAY.Battlecries_part5.131,,,,
1659,202228,Feast of Blood,,,,,,,
1660,202229,Fleder,,,,,,,
1661,202230,Alp,,,,,,,
1662,202224,Garkain,,,,,,,
1663,202231,Plumard,,,,,,,
1664,202233,Nekurat,,,,,,,
1665,202234,Bruxa,,,,,,,
1666,202186,Anna Henrietta,SAY.Battlecries_part3.306,SAY.Battlecries_part3.308,SAY.Battlecries_part3.307,,,,
1667,202235,Vivienne de Tabris,SAY.Battlecries_part3.145,SAY.Battlecries_part3.147,SAY.Battlecries_part3.146,,,,
1668,202236,Damien de la Tour,SAY.Battlecries_part5.86,SAY.Battlecries_part5.87,SAY.Battlecries_part5.88,SAY.Battlecries_part5.89,SAY.Battlecries_part5.90,,
1669,202241,Tourney Shaelmaar,,,,,,,
1670,202238,Milton de Peyrac-Peyran,SAY.Battlecries_part3.137,SAY.Battlecries_part3.139,SAY.Battlecries_part3.138,,,,
1671,202237,Palmerin de Launfal,SAY.Battlecries_part3.133,SAY.Battlecries_part3.135,SAY.Battlecries_part3.134,,,,
1672,202240,Roderick of Dun Tynne,SAY.Battlecries_part5.236,SAY.Battlecries_part5.237,SAY.Battlecries_part5.238,SAY.Battlecries_part5.239,SAY.Battlecries_part5.240,,
1673,202239,Artourious Vigo,SAY.Battlecries_part3.141,SAY.Battlecries_part3.143,SAY.Battlecries_part3.142,,,,
1674,202242,Tourney Joust,,,,,,,
1675,202243,Toussaint Knight Errant,SAY.Battlecries_part3.343,SAY.Battlecries_part3.345,SAY.Battlecries_part3.344,,,,
1676,202244,Ducal Guard,SAY.Battlecries_part3.340,SAY.Battlecries_part3.342,SAY.Battlecries_part3.341,,,,
1677,202245,Menagerie Keeper,SAY.Battlecries_part3.373,SAY.Battlecries_part3.375,SAY.Battlecries_part3.374,,,,
1678,202246,Imperial Diviner,SAY.Battlecries_part3.365,SAY.Battlecries_part3.367,SAY.Battlecries_part3.366,,,,
1679,202247,Fangs of the Empire,SAY.Battlecries_part3.349,SAY.Battlecries_part3.351,SAY.Battlecries_part3.350,,,,
1680,202248,Dutchess's Informant,SAY.Battlecries.3121,SAY.Battlecries.3122,SAY.Battlecries.3123,SAY.Battlecries.3124,SAY.Battlecries.3125,,
1681,202187,Queen Calanthe,SAY.Battlecries_part5.74,SAY.Battlecries_part5.75,SAY.Battlecries_part5.76,SAY.Battlecries_part5.77,SAY.Battlecries_part5.78,,
1682,202249,King Roegner,SAY.Battlecries_part5.224,SAY.Battlecries_part5.225,SAY.Battlecries_part5.226,SAY.Battlecries_part5.227,SAY.Battlecries_part5.228,,
1683,202250,Queen Adalia,SAY.Battlecries_part5.232,SAY.Battlecries_part5.233,SAY.Battlecries_part5.234,,,,
1684,202251,Prince Anseis,SAY.Battlecries_part5.104,SAY.Battlecries_part5.105,SAY.Battlecries_part5.106,SAY.Battlecries_part5.107,SAY.Battlecries_part5.108,,
1685,202252,Vissegerd,SAY.Battlecries_part5.248,SAY.Battlecries_part5.249,SAY.Battlecries_part5.250,SAY.Battlecries_part5.251,SAY.Battlecries_part5.252,,
1686,202253,Coodcoodak,,,,,,,
1687,202254,Windhalm of Attre,SAY.Battlecries_part5.260,SAY.Battlecries_part5.261,SAY.Battlecries_part5.262,SAY.Battlecries_part5.263,SAY.Battlecries_part5.264,,
1688,202262,Knighthood,,,,,,,
1689,202256,Cintrian Spellweaver,SAY.Battlecries_part5.272,SAY.Battlecries_part5.273,SAY.Battlecries_part5.274,SAY.Battlecries_part5.275,SAY.Battlecries_part5.276,,
1690,202257,Cintrian Enchantress,SAY.Battlecries_part5.278,SAY.Battlecries_part5.279,SAY.Battlecries_part5.280,SAY.Battlecries_part5.281,SAY.Battlecries_part5.282,,
1691,202258,Cintrian Artificer,SAY.Battlecries_part5.284,SAY.Battlecries_part5.285,SAY.Battlecries_part5.286,SAY.Battlecries_part5.287,SAY.Battlecries_part5.288,,
1692,202259,Cintrian Knight,SAY.Battlecries_part5.290,SAY.Battlecries_part5.291,SAY.Battlecries_part5.292,SAY.Battlecries_part5.293,SAY.Battlecries_part5.294,,
1693,202260,Cintrian Royal Guard,SAY.Battlecries_part5.296,SAY.Battlecries_part5.297,SAY.Battlecries_part5.298,SAY.Battlecries_part5.299,SAY.Battlecries_part5.300,,
1694,202261,Cintrian Envoy,SAY.Battlecries.3161,SAY.Battlecries.3162,SAY.Battlecries.3163,SAY.Battlecries.3164,SAY.Battlecries.3165,,
1695,202255,Runeword,,,,,,,
1696,202188,Dana Meadbh,SAY.Battlecries_part6.101,SAY.Battlecries_part6.105,SAY.Battlecries_part6.104,SAY.Battlecries_part6.103,SAY.Battlecries_part6.102,,
1697,202263,Fauve,SAY.Battlecries_part3.282,SAY.Battlecries_part3.284,SAY.Battlecries_part3.283,,,,
1698,202264,The Great Oak,,,,,,,
1699,202266,Water of Brokilon,,,,,,,
1700,202267,Sirssa,SAY.Battlecries_part3.294,SAY.Battlecries_part3.296,SAY.Battlecries_part3.295,,,,
1701,202265,Weeping Willow,,,,,,,
1702,202268,Treant Boar,,,,,,,
1703,202271,Treant Mantis: Dormant,,,,,,,
1704,202293,Treant Mantis: Awakened,,,,,,,
1705,202269,Dryads Caress,,,,,,,
1706,202270,Dryad Grovekeeper,SAY.Battlecries_part5.315,SAY.Battlecries_part5.316,SAY.Battlecries_part5.317,SAY.Battlecries_part5.318,,,
1707,202272,Forest Whisperer,SAY.Battlecries_part3.302,SAY.Battlecries_part3.304,SAY.Battlecries_part3.303,,,,
1708,202273,Brokilon Sentinel,SAY.Battlecries_part3.298,SAY.Battlecries_part3.300,SAY.Battlecries_part3.299,,,,
1709,202274,Dryad Ranger,SAY.Battlecries_part3.31,SAY.Battlecries_part3.33,SAY.Battlecries_part3.32,,,,
1710,202275,Dryad Matron,SAY.Battlecries.3156,SAY.Battlecries.3157,SAY.Battlecries.3158,SAY.Battlecries.3159,SAY.Battlecries.3160,,
1711,202276,Dryad Fledgling,SAY.Battlecries.3126,SAY.Battlecries.3127,SAY.Battlecries.3128,SAY.Battlecries.3129,SAY.Battlecries.3130,,
1712,202189,Svalblod,,,,,,,
1713,202277,Knut the Callous,SAY.Battlecries_part5.110,SAY.Battlecries_part5.111,SAY.Battlecries_part5.112,SAY.Battlecries_part5.113,SAY.Battlecries_part5.114,,
1714,202278,Svalblod Totem,,,,,,,
1715,202279,Artis,SAY.Battlecries_part3.59,SAY.Battlecries_part3.61,SAY.Battlecries_part3.60,,,,
1716,202280,Vildkaarl,,,,,,,
1717,202292,Champion of Svalblod,,,,,,,
1718,202282,Sigvald,SAY.Battlecries_part5.266,SAY.Battlecries_part5.267,SAY.Battlecries_part5.268,SAY.Battlecries_part5.269,SAY.Battlecries_part5.270,,
1719,202283,Corrupted Flaminica,SAY.Battlecries_part5.176,SAY.Battlecries_part5.177,SAY.Battlecries_part5.178,SAY.Battlecries_part5.179,SAY.Battlecries_part5.180,,
1720,202284,Svalblod Priest,SAY.Battlecries_part3.63,SAY.Battlecries_part3.65,SAY.Battlecries_part3.64,,,,
1721,202285,Svalblod Cultist,SAY.Battlecries_part3.67,SAY.Battlecries_part3.69,SAY.Battlecries_part3.68,,,,
1722,202286,Svalblod Fanatic,,,,,,,
1723,202287,Primal Savagery,,,,,,,
1724,202288,Disgraced Brawler,SAY.Battlecries_part4.118,SAY.Battlecries_part4.119,SAY.Battlecries_part4.120,SAY.Battlecries_part4.121,SAY.Battlecries_part4.122,,
1727,202289,Bear Abomination,,,,,,,
1728,202281,Arnvald,SAY.Battlecries_part5.158,SAY.Battlecries_part5.159,SAY.Battlecries_part5.160,SAY.Battlecries_part5.161,SAY.Battlecries_part5.162,,
1730,202140,Tactical Advantage,,,,,,,
1742,202294,_temp_Courier,SAY.Battlecries_part5.146,SAY.Battlecries_part5.147,SAY.Battlecries_part5.148,SAY.Battlecries_part5.149,SAY.Battlecries_part5.150,,
1743,202314,Back-Alley Chemist,SAY.Battlecries_part6.221,SAY.Battlecries_part6.225,SAY.Battlecries_part6.224,SAY.Battlecries_part6.223,SAY.Battlecries_part6.222,,
1744,202295,Renegade Mage,SAY.Battlecries.3471,SAY.Battlecries.3472,SAY.Battlecries.3473,SAY.Battlecries.3474,SAY.Battlecries.3475,,
1745,202296,Caleb Menge,SAY.Battlecries_part3.205,SAY.Battlecries_part3.208,SAY.Battlecries_part3.207,SAY.Battlecries_part3.206,,,
1746,202297,Beggar,SAY.Battlecries.3466,SAY.Battlecries.3467,SAY.Battlecries.3468,SAY.Battlecries.3469,SAY.Battlecries.3470,,
1747,202298,Philippa Eilhart,PHIL_Q502_00555967,PHIL_Q310_00533376,PHIL_PHILIPPA_01041424,PHIL_PHILIPPA_01041426,VO_FLPA_200102_0065,VO_FLPA_300358_0012,
1748,202299,Sigi Reuven,DJKS_MQ3035_01067766,DJKS_Q303_00417640,DJKS_Q303_00486613,DJKS_Q303_00378559,,,
1749,202300,Vivaldi Bank,,,,,,,
1750,202301,Eavesdrop,SAY.Battlecries.3461,SAY.Battlecries.3462,SAY.Battlecries.3463,SAY.Battlecries.3464,SAY.Battlecries.3465,,
1751,202302,Graden,SAY.Battlecries_part3.215,SAY.Battlecries_part3.217,SAY.Battlecries_part3.216,,,,
1752,202303,Whoreson Junior,WILY_Q302_00514329,WILY_Q302_00443324,WILY_Q302_00547590,,,,
1753,202304,Kurt,SAY.Battlecries.3236,SAY.Battlecries.3237,SAY.Battlecries.3238,SAY.Battlecries.3239,SAY.Battlecries.3240,,
1754,202305,Moreelse,SAY.Battlecries.3241,SAY.Battlecries.3242,SAY.Battlecries.3243,SAY.Battlecries.3244,SAY.Battlecries.3245,,
1755,202306,Blindeye Apothecary,SAY.Battlecries.3456,SAY.Battlecries.3457,SAY.Battlecries.3458,SAY.Battlecries.3459,SAY.Battlecries.3460,,
1756,202307,Horst Borsodi,SAY.Battlecries_part6.171,SAY.Battlecries_part6.175,SAY.Battlecries_part6.174,SAY.Battlecries_part6.173,SAY.Battlecries_part6.172,,
1757,202308,Sly Seductress,SAY.Battlecries.3451,SAY.Battlecries.3452,SAY.Battlecries.3453,SAY.Battlecries.3454,SAY.Battlecries.3455,,
1758,202309,Ewald Borsodi,SAY.Battlecries_part6.176,SAY.Battlecries_part6.180,SAY.Battlecries_part6.179,SAY.Battlecries_part6.178,SAY.Battlecries_part6.177,,
1759,202310,Pickpocket,,,,,,,
1760,202311,Tamara Strenger,SAY.Battlecries_part3.210,SAY.Battlecries_part3.213,SAY.Battlecries_part3.212,SAY.Battlecries_part3.211,,,
1761,202312,Whoreson Senior,SAY.Battlecries.3181,SAY.Battlecries.3182,SAY.Battlecries.3183,SAY.Battlecries.3184,SAY.Battlecries.3185,,
1762,202313,Adriano the Mink,SAY.Battlecries.3316,SAY.Battlecries.3317,SAY.Battlecries.3318,SAY.Battlecries.3319,SAY.Battlecries.3320,,
1764,202315,Adalbertus Kalkstein,SAY.Battlecries.3311,SAY.Battlecries.3312,SAY.Battlecries.3313,SAY.Battlecries.3314,SAY.Battlecries.3315,,
1765,202316,Oxenfurt Naturalist,SAY.Battlecries.3326,SAY.Battlecries.3327,SAY.Battlecries.3328,SAY.Battlecries.3329,SAY.Battlecries.3330,,
1766,202317,Rico Meiersdorf,SAY.Battlecries.3672,SAY.Battlecries.3673,SAY.Battlecries.3674,SAY.Battlecries.3675,SAY.Battlecries.3676,,
1767,202318,Witch Hunter Executioner,SAY.Battlecries_part3.227,SAY.Battlecries_part3.229,SAY.Battlecries_part3.228,,,,
1768,202319,Slander,SAY.Battlecries.3306,SAY.Battlecries.3307,SAY.Battlecries.3308,SAY.Battlecries.3309,SAY.Battlecries.3310,,
1769,202320,Witch Hunter,SAY.Battlecries_part3.223,SAY.Battlecries_part3.225,SAY.Battlecries_part3.224,,,,
1770,202321,Madam Luiza,SAY.Battlecries.3231,SAY.Battlecries.3232,SAY.Battlecries.3233,SAY.Battlecries.3234,SAY.Battlecries.3235,,
1771,202322,Fisstech,,,,,,,
1772,202323,Igor the Hook,SAY.Battlecries.3266,SAY.Battlecries.3267,SAY.Battlecries.3268,SAY.Battlecries.3269,SAY.Battlecries.3270,,
1773,202324,Tinboy,SAY.Battlecries.3226,SAY.Battlecries.3227,SAY.Battlecries.3228,SAY.Battlecries.3229,SAY.Battlecries.3230,,
1774,202326,Doadrick Leumaerts,SAY.Battlecries.3221,SAY.Battlecries.3222,SAY.Battlecries.3223,SAY.Battlecries.3224,SAY.Battlecries.3225,,
1775,202327,Tatterwing,,,,,,,
1776,202328,King of Beggars,KGBG_Q301_00487409,KGBG_Q301_00499725,KGBG_Q301_00486502,KGBG_Q302_00487960,,,
1777,202329,Dip in the Pontar,,,,,,,
1778,202330,Payday,,,,,,,
1779,202331,Tidecloak Hideaway,,,,,,,
1780,202332,Pugo Boom-Breaker,SAY.Battlecries.3261,SAY.Battlecries.3262,SAY.Battlecries.3263,SAY.Battlecries.3264,SAY.Battlecries.3265,,
1781,202333,Boris,,,,,,,
1782,202334,Sewer Riders,SAY.Battlecries.3446,SAY.Battlecries.3447,SAY.Battlecries.3448,SAY.Battlecries.3449,SAY.Battlecries.3450,,
1783,202335,Fisstech Addict,,,,,,,
1784,202336,Eventide Plunder,,,,,,,
1785,202337,Whoreson's Freak Show,,,,,,,
1786,202338,Townsfolk,SAY.Battlecries.3341,SAY.Battlecries.3342,SAY.Battlecries.3343,SAY.Battlecries.3344,SAY.Battlecries.3345,,
1787,202339,Tidecloak's Ranscakers,SAY.Battlecries.3441,SAY.Battlecries.3442,SAY.Battlecries.3443,SAY.Battlecries.3444,SAY.Battlecries.3445,,
1788,202340,Tax collector,SAY.Battlecries.3346,SAY.Battlecries.3347,SAY.Battlecries.3348,SAY.Battlecries.3349,SAY.Battlecries.3350,,
1789,202341,Sea Jackal,SAY.Battlecries_part6.61,SAY.Battlecries_part6.65,SAY.Battlecries_part6.64,SAY.Battlecries_part6.63,SAY.Battlecries_part6.62,,
1790,202342,Kikimore Warrior,,,,,,,
1791,202343,Line of Credit,,,,,,,
1792,202344,Fence,SAY.Battlecries.3431,SAY.Battlecries.3432,SAY.Battlecries.3433,SAY.Battlecries.3434,SAY.Battlecries.3435,,
1793,202345,Fisstech Trafficker,SAY.Battlecries.3351,SAY.Battlecries.3352,SAY.Battlecries.3353,SAY.Battlecries.3354,SAY.Battlecries.3355,,
1794,202346,Hvitr and Aelydia,SAY.Battlecries.3301,SAY.Battlecries.3302,SAY.Battlecries.3303,SAY.Battlecries.3304,SAY.Battlecries.3305,,
1795,202347,Cyrus Hemmelfart,SAY.Battlecries_part3.113,SAY.Battlecries_part3.115,SAY.Battlecries_part3.114,,,,
1796,202348,Prophet Lebioda,SAY.Battlecries.3191,SAY.Battlecries.3192,SAY.Battlecries.3193,SAY.Battlecries.3194,SAY.Battlecries.3195,,
1797,202349,Sacred Flame,,,,,,,
1798,202350,Grand Inquisitor Helveed,SAY.Battlecries_part6.111,SAY.Battlecries_part6.115,SAY.Battlecries_part6.114,SAY.Battlecries_part6.113,SAY.Battlecries_part6.112,,
1799,202351,Arena Endrega,,,,,,,
1800,202352,Damnation,,,,,,,
1801,202353,Nathaniel Pastodi,SAY.Battlecries_part6.146,SAY.Battlecries_part6.150,SAY.Battlecries_part6.149,SAY.Battlecries_part6.148,SAY.Battlecries_part6.147,,
1802,202354,Procession of Penance,SAY.Battlecries_part5.212,SAY.Battlecries_part5.213,SAY.Battlecries_part5.214,SAY.Battlecries_part5.215,SAY.Battlecries_part5.216,,
1803,202355,Sukrus,SAY.Battlecries.3296,SAY.Battlecries.3297,SAY.Battlecries.3298,SAY.Battlecries.3299,SAY.Battlecries.3300,,
1804,202356,Excommunication,SAY.Battlecries.3276,SAY.Battlecries.3277,SAY.Battlecries.3278,SAY.Battlecries.3279,SAY.Battlecries.3280,,
1805,202357,Arena Ghoul,,,,,,,
1806,202358,Tavern Brawl,,,,,,,
1807,202359,Firesworn Zealot,SAY.Battlecries.3281,SAY.Battlecries.3282,SAY.Battlecries.3283,SAY.Battlecries.3284,SAY.Battlecries.3285,,
1808,202360,Wheel of Fortune,,,,,,,
1809,202361,Bincy Blumerholdt,SAY.Battlecries.3291,SAY.Battlecries.3292,SAY.Battlecries.3293,SAY.Battlecries.3294,SAY.Battlecries.3295,,
1810,202362,Eternal Fire Priest,SAY.Battlecries_part3.243,SAY.Battlecries_part3.245,SAY.Battlecries_part3.244,,,,
1811,202363,Cutup Lackey,SAY.Battlecries.3356,SAY.Battlecries.3357,SAY.Battlecries.3358,SAY.Battlecries.3359,SAY.Battlecries.3360,,
1812,202364,Hammond,SAY.Battlecries.3216,SAY.Battlecries.3217,SAY.Battlecries.3218,SAY.Battlecries.3219,SAY.Battlecries.3220,,
1813,202365,Eternal Fire Inquisitor,SAY.Battlecries_part3.247,SAY.Battlecries_part3.249,SAY.Battlecries_part3.248,,,,
1814,202366,Eternal Fire Disciple,SAY.Battlecries_part5.200,SAY.Battlecries_part5.201,SAY.Battlecries_part5.202,SAY.Battlecries_part5.203,SAY.Battlecries_part5.204,,
1815,202367,The Flying Redanian,,,,,,,
1816,202368,Casino Bouncers,SAY.Battlecries.3361,SAY.Battlecries.3362,SAY.Battlecries.3363,SAY.Battlecries.3364,SAY.Battlecries.3365,,
1817,202369,Keeper of the Flame,SAY.Battlecries_part5.206,SAY.Battlecries_part5.207,SAY.Battlecries_part5.208,SAY.Battlecries_part5.209,SAY.Battlecries_part5.210,,
1818,202370,Imke,SAY.Battlecries.3211,SAY.Battlecries.3212,SAY.Battlecries.3213,SAY.Battlecries.3214,SAY.Battlecries.3215,,
1819,202371,Bloody Good Fun,,,,,,,
1820,202372,Temple Guard,SAY.Battlecries_part6.191,SAY.Battlecries_part6.195,SAY.Battlecries_part6.194,SAY.Battlecries_part6.193,SAY.Battlecries_part6.192,,
1821,202373,Gudrun Bjornsdottir,SAY.Battlecries.3517,SAY.Battlecries.3518,SAY.Battlecries.3519,SAY.Battlecries.3520,SAY.Battlecries.3521,,
1822,202374,Congregation,SAY.Battlecries.3391,SAY.Battlecries.3392,SAY.Battlecries.3393,SAY.Battlecries.3394,SAY.Battlecries.3395,,
1823,202375,Halfling Safecracker,SAY.Battlecries.3426,SAY.Battlecries.3427,SAY.Battlecries.3428,SAY.Battlecries.3429,SAY.Battlecries.3430,,
1824,202376,Firesworn Scribe,SAY.Battlecries.3396,SAY.Battlecries.3397,SAY.Battlecries.3398,SAY.Battlecries.3399,SAY.Battlecries.3400,,
1825,202377,Bare-Knuckle Brawler,SAY.Battlecries.3421,SAY.Battlecries.3422,SAY.Battlecries.3423,SAY.Battlecries.3424,SAY.Battlecries.3425,,
1826,202378,Shakedown,,,,,,,
1827,202379,Coerced Blacksmith,SAY.Battlecries.3416,SAY.Battlecries.3417,SAY.Battlecries.3418,SAY.Battlecries.3419,SAY.Battlecries.3420,,
1828,202380,Swindle,SAY.Battlecries.3411,SAY.Battlecries.3412,SAY.Battlecries.3413,SAY.Battlecries.3414,SAY.Battlecries.3415,,
1829,202381,Cleaver's Muscle,SAY.Battlecries.3406,SAY.Battlecries.3407,SAY.Battlecries.3408,SAY.Battlecries.3409,SAY.Battlecries.3410,,
1830,202382,Crownsplitter Thug,SAY.Battlecries.3401,SAY.Battlecries.3402,SAY.Battlecries.3403,SAY.Battlecries.3404,SAY.Battlecries.3405,,
1831,202383,Harald Gord,SAY.Battlecries.3286,SAY.Battlecries.3287,SAY.Battlecries.3288,SAY.Battlecries.3289,SAY.Battlecries.3290,,
1832,202384,Novigradian Justice,,,,,,,
1833,202385,Sir Skewertooth,,,,,,,
1834,202386,Tunnel Drill,,,,,,,
1835,202387,Caesar Bilzen,SAY.Battlecries.3206,SAY.Battlecries.3207,SAY.Battlecries.3208,SAY.Battlecries.3209,SAY.Battlecries.3210,,
1836,202388,The Sausage Maker,SAY.Battlecries.3667,SAY.Battlecries.3668,SAY.Battlecries.3669,SAY.Battlecries.3670,SAY.Battlecries.3671,,
1837,202389,Ferko The Sculptor,SAY.Battlecries.3201,SAY.Battlecries.3202,SAY.Battlecries.3203,SAY.Battlecries.3204,SAY.Battlecries.3205,,
1838,202390,Cleaver,SAY.Battlecries_part3.21,SAY.Battlecries_part3.23,SAY.Battlecries_part3.22,,,,
1839,202573,Imposter,,,,,,,
1840,202574,Uprising,,,,,,,
1841,202572,Overwhelming,,,,,,,
1843,202575,Mahakam Forge,,,,,,,
1845,202392,Walter Veritas,SAY.Battlecries.3176,SAY.Battlecries.3177,SAY.Battlecries.3178,SAY.Battlecries.3179,SAY.Battlecries.3180,,
1846,202446,Ramon Tyrconnel,SAY.Battlecries.3571,SAY.Battlecries.3570,SAY.Battlecries.3569,SAY.Battlecries.3568,SAY.Battlecries.3567,,
1847,202445,Affan Hillergrand,SAY.Battlecries.3562,SAY.Battlecries.3563,SAY.Battlecries.3564,SAY.Battlecries.3565,SAY.Battlecries.3566,,
1848,202448,Fifon var Gaernel,SAY.Battlecries.3577,SAY.Battlecries.3578,SAY.Battlecries.3579,SAY.Battlecries.3580,SAY.Battlecries.3581,,
1849,202447,War Council,SAY.Battlecries.3572,SAY.Battlecries.3573,SAY.Battlecries.3574,SAY.Battlecries.3575,SAY.Battlecries.3576,,
1850,202449,Glynnis aep Loernach,SAY.Battlecries.3582,SAY.Battlecries.3583,SAY.Battlecries.3584,SAY.Battlecries.3585,SAY.Battlecries.3586,,
1851,202450,Ard Feainn Crossbowman,SAY.Battlecries.3587,SAY.Battlecries.3588,SAY.Battlecries.3589,SAY.Battlecries.3590,SAY.Battlecries.3591,,
1852,202451,Ard Feainn Tortoise,,,,,,,
1853,202452,Ard Feainn Light Cavalry,SAY.Battlecries.3592,SAY.Battlecries.3593,SAY.Battlecries.3594,SAY.Battlecries.3595,SAY.Battlecries.3596,,
1854,202453,Ard Feainn Heavy Cavalry,SAY.Battlecries.3597,SAY.Battlecries.3598,SAY.Battlecries.3599,SAY.Battlecries.3600,SAY.Battlecries.3601,,
1855,202454,Battle Preparation,SAY.Battlecries.3602,SAY.Battlecries.3603,SAY.Battlecries.3604,SAY.Battlecries.3605,SAY.Battlecries.3606,,
1856,202435,Kikimora Queen,,,,,,,
1857,202436,Cave Troll,,,,,,,
1858,202437,Yghern,,,,,,,
1859,202438,Endrega Queen,,,,,,,
1860,202439,Armored Crab-Spider,,,,,,,
1861,202440,Endrega Larva,,,,,,,
1862,202441,Endrega Warrior,,,,,,,
1863,202442,Natural Selection,,,,,,,
1864,202443,Kikimora Worker,,,,,,,
1865,202444,Endrega Egg,,,,,,,
1866,202467,Zoltan: Warrior,ZOLT_ZOLTAN_01040657,ZOLT_ZOLTAN_01040651,ZOLT_ZOLTAN_01040649,ZOLT_Q403_00575678,ZOLT_Q310_01062198,,
1867,202470,Figgis Merluzzo,SAY.Battlecries.3642,SAY.Battlecries.3643,SAY.Battlecries.3644,SAY.Battlecries.3645,SAY.Battlecries.3646,,
1868,202469,Munro Bruys,SAY.Battlecries.3637,SAY.Battlecries.3638,SAY.Battlecries.3639,SAY.Battlecries.3640,SAY.Battlecries.3641,,
1869,202468,Percival Schuttenbach,SAY.Battlecries.3632,SAY.Battlecries.3633,SAY.Battlecries.3634,SAY.Battlecries.3635,SAY.Battlecries.3636,,
1870,202471,Zoltan's Company,SAY.Battlecries.3647,SAY.Battlecries.3648,SAY.Battlecries.3649,SAY.Battlecries.3650,SAY.Battlecries.3651,,
1871,202472,Dwarven Chariot,,,,,,,
1872,202473,Tempering,,,,,,,
1873,202474,Miner,SAY.Battlecries.3652,SAY.Battlecries.3653,SAY.Battlecries.3654,SAY.Battlecries.3655,SAY.Battlecries.3656,,
1874,202475,Dryad Enchantress,SAY.Battlecries.3657,SAY.Battlecries.3658,SAY.Battlecries.3659,SAY.Battlecries.3660,SAY.Battlecries.3661,,
1875,202476,Dwarf Berserker,SAY.Battlecries.3662,SAY.Battlecries.3663,SAY.Battlecries.3664,SAY.Battlecries.3665,SAY.Battlecries.3666,,
1876,202477,Rowdy Dwarf,,,,,,,
1877,202417,Philippa: Blind Fury,PHIL_Q502_00555967,,,,,,
1879,202418,Donimir of Troy,SAY.Battlecries_part6.161,SAY.Battlecries_part6.165,SAY.Battlecries_part6.164,SAY.Battlecries_part6.163,SAY.Battlecries_part6.162,,
1880,202419,Voymir,SAY.Battlecries.3547,SAY.Battlecries.3548,SAY.Battlecries.3549,SAY.Battlecries.3550,SAY.Battlecries.3551,,
1882,202420,Mad Charge,SAY.Battlecries_part5.194,SAY.Battlecries_part5.195,SAY.Battlecries_part5.196,SAY.Battlecries_part5.197,SAY.Battlecries_part5.198,,
1883,202421,Radovid's Royal Guards,SAY.Battlecries.3552,SAY.Battlecries.3553,SAY.Battlecries.3554,SAY.Battlecries.3555,SAY.Battlecries.3556,,
1884,202422,Redanian Archers,SAY.Battlecries.3557,SAY.Battlecries.3558,SAY.Battlecries.3559,SAY.Battlecries.3560,SAY.Battlecries.3561,,
1887,202456,Dracoturtle,,,,,,,
1888,202457,Covenant of Steel,SAY.Battlecries.3607,SAY.Battlecries.3608,SAY.Battlecries.3609,SAY.Battlecries.3610,SAY.Battlecries.3611,,
1889,202458,Morkvarg: Heart of Terror,SAY.Battlecries.3612,SAY.Battlecries.3613,SAY.Battlecries.3614,SAY.Battlecries.3615,SAY.Battlecries.3616,,
1890,202459,Raiding Fleet ,,,,,,,
1891,202460,Terror of the Seas,,,,,,,
1892,202461,Armored Drakkar,,,,,,,
1893,202462,Terror Crew Plunderer,SAY.Battlecries.3617,SAY.Battlecries.3618,SAY.Battlecries.3619,SAY.Battlecries.3620,SAY.Battlecries.3621,,
1894,202463,Boatbuilders,SAY.Battlecries.3622,SAY.Battlecries.3623,SAY.Battlecries.3624,SAY.Battlecries.3625,SAY.Battlecries.3626,,
1895,202464,Terror Crew Axe-wielder,SAY.Battlecries.3627,SAY.Battlecries.3628,SAY.Battlecries.3629,SAY.Battlecries.3630,SAY.Battlecries.3631,,
1896,202465,Stunning Blow,,,,,,,
1897,202425,Azar Javed,SAY.Battlecries_part6.121,SAY.Battlecries_part6.125,SAY.Battlecries_part6.124,SAY.Battlecries_part6.123,SAY.Battlecries_part6.122,,
1898,202562,Scarab,,,,,,,
1899,202426,Professor,SAY.Battlecries_part6.116,SAY.Battlecries_part6.120,SAY.Battlecries_part6.119,SAY.Battlecries_part6.118,SAY.Battlecries_part6.117,,
1900,202427,Savolla,SAY.Battlecries_part6.126,SAY.Battlecries_part6.130,SAY.Battlecries_part6.129,SAY.Battlecries_part6.128,SAY.Battlecries_part6.127,,
1901,202563,Savolla's Frightener,,,,,,,
1902,202428,Dire Mutated Hound,,,,,,,
1903,202564,Greater Brothers,SAY.Battlecries_part3.219,SAY.Battlecries_part3.221,SAY.Battlecries_part3.220,,,,
1904,202429,Mutated Hounds,,,,,,,
1905,202430,Assault,SAY.Battlecries_part6.226,SAY.Battlecries_part6.230,SAY.Battlecries_part6.229,SAY.Battlecries_part6.228,SAY.Battlecries_part6.227,,
1906,202431,Salamandra Assassin,SAY.Battlecries_part6.216,SAY.Battlecries_part6.220,SAY.Battlecries_part6.219,SAY.Battlecries_part6.218,SAY.Battlecries_part6.217,,
1907,202432,Mutant Killer,,,,,,,
1908,202433,Mutant,,,,,,,
1909,202396,Geralt: Axxi,SAY.Battlecries.1,SAY.Battlecries.2,SAY.Battlecries.3,GRLT_GERALT_01054169,GRLT_GERALT_01129033,,
1910,202397,Knickers,,,,,,,
1912,202399,Iris: Shade,IRIS_Q604_01106159,IRIS_Q604_01106944,IRIS_Q604_01106875,,,,
1913,202400,Gascon: Iron Falcon,SAY.Battlecries.3522,SAY.Battlecries.3523,SAY.Battlecries.3524,SAY.Battlecries.3525,SAY.Battlecries.3526,,
1914,202404,Living Armor,,,,,,,
1915,202401,One-Eyed Betsy,SAY.Battlecries.3527,SAY.Battlecries.3528,SAY.Battlecries.3529,SAY.Battlecries.3530,SAY.Battlecries.3531,,
1916,202403,Free Company,SAY.Battlecries_part6.196,SAY.Battlecries_part6.200,SAY.Battlecries_part6.199,SAY.Battlecries_part6.198,SAY.Battlecries_part6.197,,
1917,202402,Vlodimir von Everec,SAY.Battlecries_part6.166,SAY.Battlecries_part6.170,SAY.Battlecries_part6.169,SAY.Battlecries_part6.168,SAY.Battlecries_part6.167,,
1918,202405,Armory,,,,,,,
1919,202406,Surrender,,,,,,,
1920,202407,Wagenburg,,,,,,,
1921,202408,Iron Falcon Knife Juggler,SAY.Battlecries.3532,SAY.Battlecries.3533,SAY.Battlecries.3534,SAY.Battlecries.3535,SAY.Battlecries.3536,,
1922,202409,Iron Falcon Footman,SAY.Battlecries.3537,SAY.Battlecries.3538,SAY.Battlecries.3539,SAY.Battlecries.3540,SAY.Battlecries.3541,,
1923,202410,Iron Falcon Troubadour,,,,,,,
1924,202411,Piercing Missile,,,,,,,
1925,202412,Wagon,,,,,,,
1926,202413,Mantlet,SAY.Battlecries.3542,SAY.Battlecries.3543,SAY.Battlecries.3544,SAY.Battlecries.3545,SAY.Battlecries.3546,,
1927,202414,Sappers,SAY.Battlecries_part6.76,SAY.Battlecries_part6.80,SAY.Battlecries_part6.79,SAY.Battlecries_part6.78,SAY.Battlecries_part6.77,,
1928,202415,Highwayman,SAY.Battlecries_part6.51,SAY.Battlecries_part6.55,SAY.Battlecries_part6.54,SAY.Battlecries_part6.53,SAY.Battlecries_part6.52,,
1929,202416,Armourer's Workshop,,,,,,,
1930,202394,Tribute Pay,,,,,,,
1931,202395,Tribute Don't Pay,,,,,,,
1932,202478,Radeyah,SAY.Battlecries.3677,SAY.Battlecries.3678,SAY.Battlecries.3679,SAY.Battlecries.3680,SAY.Battlecries.3681,,
1933,202479,Maraal,SAY.Battlecries.3682,SAY.Battlecries.3683,SAY.Battlecries.3684,SAY.Battlecries.3685,SAY.Battlecries.3686,,
1934,202480,Matta Hu'uri,SAY.Battlecries.3687,SAY.Battlecries.3688,SAY.Battlecries.3689,SAY.Battlecries.3690,SAY.Battlecries.3691,,
1935,202482,Runewright,SAY.Battlecries.3697,SAY.Battlecries.3698,SAY.Battlecries.3699,SAY.Battlecries.3700,SAY.Battlecries.3701,,
1936,202504,Siege,,,,,,,
1937,202505,War Chariot,SAY.Battlecries.3697,SAY.Battlecries.3698,SAY.Battlecries.3699,SAY.Battlecries.3700,SAY.Battlecries.3701,,
1938,202506,Immortals,SAY.Battlecries.3722,SAY.Battlecries.3723,SAY.Battlecries.3724,SAY.Battlecries.3725,SAY.Battlecries.3726,,
1939,202509,Immortals Cavalry,SAY.Battlecries.3732,SAY.Battlecries.3733,SAY.Battlecries.3734,SAY.Battlecries.3735,SAY.Battlecries.3736,,
1940,202510,Carroballista,,,,,,,
1941,202511,Boiling Oil,,,,,,,
1942,202513,Gedyneith,,,,,,,
1943,202514,Crowmother,SAY.Battlecries.3757,SAY.Battlecries.3758,SAY.Battlecries.3759,SAY.Battlecries.3760,SAY.Battlecries.3761,,
1944,202517,Crow Clan Druid,SAY.Battlecries.3777,SAY.Battlecries.3778,SAY.Battlecries.3779,SAY.Battlecries.3780,SAY.Battlecries.3781,,
1945,202518,Crow Clan Preacher,SAY.Battlecries.3776,SAY.Battlecries.3775,SAY.Battlecries.3774,SAY.Battlecries.3773,SAY.Battlecries.3772,,
1946,202520,Crow-eye Rhizome,,,,,,,
1947,202521,Crow Messenger,,,,,,,
1948,202522,Urn of Shadows,,,,,,,
1949,202523,Plague Maiden,SAY.Battlecries.3737,SAY.Battlecries.3738,SAY.Battlecries.3739,SAY.Battlecries.3740,SAY.Battlecries.3741,,
1950,202524,Penitent,SAY.Battlecries.3742,SAY.Battlecries.3743,SAY.Battlecries.3744,SAY.Battlecries.3745,SAY.Battlecries.3746,,
1951,202526,Haunt,,,,,,,
1952,202530,Noonwraith,SAY.Battlecries.3747,SAY.Battlecries.3748,SAY.Battlecries.3749,SAY.Battlecries.3750,SAY.Battlecries.3751,,
1953,202531,Nightwraith,SAY.Battlecries.3752,SAY.Battlecries.3753,SAY.Battlecries.3754,SAY.Battlecries.3755,SAY.Battlecries.3756,,
1954,202535,Vernossiel,SAY.Battlecries.3787,SAY.Battlecries.3788,SAY.Battlecries.3789,SAY.Battlecries.3790,SAY.Battlecries.3791,,
1955,202536,Feign Death,,,,,,,
1956,202539,Nature's Rebuke,,,,,,,
1957,202543,Vincent Van Moorlehem,SAY.Battlecries.3802,SAY.Battlecries.3803,SAY.Battlecries.3804,SAY.Battlecries.3805,SAY.Battlecries.3806,,
1958,202546,Van Moorlehem's Cupbearer,SAY.Battlecries.3817,SAY.Battlecries.3818,SAY.Battlecries.3819,SAY.Battlecries.3820,SAY.Battlecries.3821,,
1959,202552,Tiger's Eye,,,,,,,
1960,202553,Collusion,,,,,,,
1961,202560,Payroll Specialist,SAY.Battlecries.3857,SAY.Battlecries.3858,SAY.Battlecries.3859,SAY.Battlecries.3860,SAY.Battlecries.3861,,
1962,202481,Dulla kh'Amanni,SAY.Battlecries.3696,SAY.Battlecries.3695,SAY.Battlecries.3694,SAY.Battlecries.3693,SAY.Battlecries.3692,,
1963,202483,Shere Khan,,,,,,,
1965,202576,Blaze of Glory,,,,,,,
1966,202533,Etriel,SAY.Battlecries.3782,SAY.Battlecries.3783,SAY.Battlecries.3784,SAY.Battlecries.3785,SAY.Battlecries.3786,,
1967,202538,Vrihedd Saboteur,SAY.Battlecries.3792,SAY.Battlecries.3793,SAY.Battlecries.3794,SAY.Battlecries.3795,SAY.Battlecries.3796,,
1968,202547,Van Moorlehem Hunter,SAY.Battlecries.3822,SAY.Battlecries.3823,SAY.Battlecries.3824,SAY.Battlecries.3825,SAY.Battlecries.3826,,
1969,202551,Thirsty Dame,SAY.Battlecries.3832,SAY.Battlecries.3833,SAY.Battlecries.3834,SAY.Battlecries.3835,SAY.Battlecries.3836,,
1970,202556,Ludovicus Brunenbaum,SAY.Battlecries.3842,SAY.Battlecries.3843,SAY.Battlecries.3844,SAY.Battlecries.3845,SAY.Battlecries.3846,,
1971,202557,Bloody Good Friends,SAY.Battlecries.3847,SAY.Battlecries.3848,SAY.Battlecries.3849,SAY.Battlecries.3850,SAY.Battlecries.3851,,
1972,202559,Street Urchins,SAY.Battlecries.3852,SAY.Battlecries.3853,SAY.Battlecries.3854,SAY.Battlecries.3855,SAY.Battlecries.3856,,
1973,202561,Passiflora Peaches,SAY.Battlecries.3862,SAY.Battlecries.3863,SAY.Battlecries.3864,SAY.Battlecries.3865,SAY.Battlecries.3866,,
1974,202484,Caravan Vanguard,SAY.Battlecries.3702,SAY.Battlecries.3703,SAY.Battlecries.3704,SAY.Battlecries.3705,SAY.Battlecries.3706,,
1975,202485,Caravan Guard 2,SAY.Battlecries.3707,SAY.Battlecries.3708,SAY.Battlecries.3709,SAY.Battlecries.3710,SAY.Battlecries.3711,,
1976,202491,Basilisk Venom,,,,,,,
1977,202507,Siege Ladder,,,,,,,
1978,202487,Ofiri Merchant,SAY.Battlecries.3712,SAY.Battlecries.3713,SAY.Battlecries.3714,SAY.Battlecries.3715,SAY.Battlecries.3716,,
1979,202493,Crystall Skull,,,,,,,
1980,202497,Enchanted Armor,,,,,,,
1981,202498,Cursed Scroll,,,,,,,
1982,202500,Ceremonial Dagger,,,,,,,
1983,202501,Magic Lamp,,,,,,,
1984,202512,Mask of Uroboros,,,,,,,
1985,201709,Gigascorpion Decoction,,,,,,,
1986,202532,Aen Seidhe Saber,,,,,,,
1987,202537,Volley of Arrows,SAY.Battlecries.4228,SAY.Battlecries.4229,SAY.Battlecries.4230,SAY.Battlecries.4231,SAY.Battlecries.4232,,
1988,202486,King Cobra,,,,,,,
1989,202502,Blueprint,,,,,,,
1990,202503,War Elephant,,,,,,,
1991,202525,The Beast,,,,,,,
1992,202527,Barghest,,,,,,,
1993,202529,Desert Banshee,,,,,,,
1994,202534,Muirlega,,,,,,,
1995,202540,Trained Hawk,,,,,,,
1996,202542,Collar [Debug],SAY.Battlecries.3712,SAY.Battlecries.3713,SAY.Battlecries.3714,SAY.Battlecries.3715,SAY.Battlecries.3716,,
1997,202544,Masquerade Ball,,,,,,,
1998,202545,Philippe Van Moorlehem,SAY.Battlecries.3812,SAY.Battlecries.3813,SAY.Battlecries.3814,SAY.Battlecries.3815,SAY.Battlecries.3816,,
1999,202549,Hunting Pack,,,,,,,
2000,202550,Servant,SAY.Battlecries.3827,SAY.Battlecries.3828,SAY.Battlecries.3829,SAY.Battlecries.3830,SAY.Battlecries.3831,,
2001,202554,Passiflora,,,,,,,
2002,202555,Saul de Navarette,SAY.Battlecries.3837,SAY.Battlecries.3838,SAY.Battlecries.3839,SAY.Battlecries.3840,SAY.Battlecries.3841,,
2003,202566,Djinn,,,,,,,
2004,202567,Rat,,,,,,,
2005,202568,Crow,,,,,,,
2007,202577,Hidden Cache,,,,,,,
2008,202516,Axel Three-Eyes,SAY.Battlecries.3762,SAY.Battlecries.3763,SAY.Battlecries.3764,SAY.Battlecries.3765,SAY.Battlecries.3766,,
2009,202569,Desert's Treasure,,,,,,,
2112,#N/A,TempMasterMirror,SAY.Battlecries.3873,SAY.Battlecries.3874,SAY.Battlecries.3875,SAY.Battlecries.3876,SAY.Taunts.4242,,
2020,202593,Ethereal,SAY.Battlecries.3878,SAY.Battlecries.3879,SAY.Battlecries.3880,SAY.Battlecries.3881,SAY.Battlecries.3882,,
2021,202602,Fortune Teller,SAY.Battlecries.3898,SAY.Battlecries.3899,SAY.Battlecries.3900,SAY.Battlecries.3901,SAY.Battlecries.3902,,
2023,202608,Winter Queen,SAY.Battlecries.4068,SAY.Battlecries.4069,SAY.Battlecries.4070,SAY.Battlecries.4071,SAY.Battlecries.4072,,
2024,202611,Wild Hunt Bruiser,SAY.Battlecries.4083,SAY.Battlecries.4084,SAY.Battlecries.4085,SAY.Battlecries.4086,SAY.Battlecries.4087,,
2025,202617,Harald the Cripple,SAY.Battlecries.196,SAY.Battlecries.197,SAY.Battlecries.198,,,,
2026,202658,Braathens,SAY.Battlecries.4173,SAY.Battlecries.4174,SAY.Battlecries.4175,SAY.Battlecries.4176,SAY.Battlecries.4177,,
2027,202659,Coup de Grace,,,,,,,
2028,202660,Fergus var Emreis,SAY.Battlecries.4168,SAY.Battlecries.4169,SAY.Battlecries.4170,SAY.Battlecries.4171,SAY.Battlecries.4172,,
2029,202663,Amnesty,,,,,,,
2030,202664,Mage Torturer,SAY.Battlecries.4188,SAY.Battlecries.4189,SAY.Battlecries.4190,SAY.Battlecries.4191,SAY.Battlecries.4192,,
2031,202665,Revolut Aristocrats,SAY.Battlecries.4198,SAY.Battlecries.4199,SAY.Battlecries.4200,SAY.Battlecries.4201,SAY.Battlecries.4202,,
2032,202666,Mage Infiltrator,SAY.Battlecries.4193,SAY.Battlecries.4194,SAY.Battlecries.4195,SAY.Battlecries.4196,SAY.Battlecries.4197,,
2033,202667,Angry Mob,SAY.Battlecries.4203,SAY.Battlecries.4204,SAY.Battlecries.4205,SAY.Battlecries.4206,SAY.Battlecries.4207,,
2035,202632,Ulrich,SAY.Battlecries.4113,SAY.Battlecries.4114,SAY.Battlecries.4115,SAY.Battlecries.4116,SAY.Battlecries.4117,,
2036,202633,Dies Irae,,,,,,,
2037,202634,Roderick de Wett,SAY.Battlecries.4118,SAY.Battlecries.4119,SAY.Battlecries.4120,SAY.Battlecries.4121,SAY.Battlecries.4122,,
2038,202635,Lieutenant Von Herst,SAY.Battlecries.4123,SAY.Battlecries.4124,SAY.Battlecries.4125,SAY.Battlecries.4126,SAY.Battlecries.4127,,
2039,202638,Fallen Knight,SAY.Battlecries.4138,SAY.Battlecries.4139,SAY.Battlecries.4140,SAY.Battlecries.4141,SAY.Battlecries.4142,,
2040,202639,Lonely Champion,SAY.Battlecries.4133,SAY.Battlecries.4134,SAY.Battlecries.4135,SAY.Battlecries.4136,SAY.Battlecries.4137,,
2041,202640,Mutants Maker,SAY.Battlecries.4143,SAY.Battlecries.4144,SAY.Battlecries.4145,SAY.Battlecries.4146,SAY.Battlecries.4147,,
2042,202674,Shaping Nature,,,,,,,
2043,202683,Treant,,,,,,,
2044,202682,Dryad,SAY.Battlecries.3998,SAY.Battlecries.3999,SAY.Battlecries.4000,SAY.Battlecries.4001,SAY.Battlecries.4002,,
2045,202681,Abandoned_Girl,SAY.Battlecries.3993,SAY.Battlecries.3994,SAY.Battlecries.3995,SAY.Battlecries.3996,SAY.Battlecries.3997,,
2046,202680,Little Treants,,,,,,,
2047,202679,Duen Canell Guardian,SAY.Battlecries.3988,SAY.Battlecries.3989,SAY.Battlecries.3990,SAY.Battlecries.3991,SAY.Battlecries.3992,,
2048,202678,Hamadryad,SAY.Battlecries.3983,SAY.Battlecries.3984,SAY.Battlecries.3985,SAY.Battlecries.3986,SAY.Battlecries.3987,,
2049,202677,Circle of Life,,,,,,,
2050,202676,Dunca,SAY.Battlecries.3978,SAY.Battlecries.3979,SAY.Battlecries.3980,SAY.Battlecries.3981,SAY.Battlecries.3982,,
2051,202675,Freixenet,SAY.Battlecries.3973,SAY.Battlecries.3974,SAY.Battlecries.3975,SAY.Battlecries.3976,SAY.Battlecries.3977,,
2052,202673,Guardian Treant,,,,,,,
2053,202672,Eithne Wrath of the Brokilon,SAY.Battlecries.3968,SAY.Battlecries.3969,SAY.Battlecries.3970,SAY.Battlecries.3971,SAY.Battlecries.3972,,
2054,202671,Eithne Mother,SAY.Battlecries.3963,SAY.Battlecries.3964,SAY.Battlecries.3965,SAY.Battlecries.3966,SAY.Battlecries.3967,,
2055,202670,Eithne Young Queen,SAY.Battlecries.3958,SAY.Battlecries.3959,SAY.Battlecries.3960,SAY.Battlecries.3961,SAY.Battlecries.3962,,
2056,202669,Operative (Spy),,,,,,,
2058,202662,Dunny,SAY.Battlecries.4183,SAY.Battlecries.4184,SAY.Battlecries.4185,SAY.Battlecries.4186,SAY.Battlecries.4187,,
2059,202661,Urcheon of Erlenwald,SAY.Battlecries.4178,SAY.Battlecries.4179,SAY.Battlecries.4180,SAY.Battlecries.4181,SAY.Battlecries.4182,,
2060,202657,Usurper Emperor,SAY.Battlecries.4163,SAY.Battlecries.4164,SAY.Battlecries.4165,SAY.Battlecries.4166,SAY.Battlecries.4167,,
2061,202656,Usurper General,SAY.Battlecries.4158,SAY.Battlecries.4159,SAY.Battlecries.4160,SAY.Battlecries.4161,SAY.Battlecries.4162,,
2062,202655,Usurper Officer,SAY.Battlecries.4153,SAY.Battlecries.4154,SAY.Battlecries.4155,SAY.Battlecries.4156,SAY.Battlecries.4157,,
2063,202654,Volunteer,,,,,,,
2064,202653,Kerack Cutthroat,SAY.Battlecries.4043,SAY.Battlecries.4044,SAY.Battlecries.4045,SAY.Battlecries.4046,SAY.Battlecries.4047,,
2065,202652,Kerack Marine,SAY.Battlecries.4038,SAY.Battlecries.4039,SAY.Battlecries.4040,SAY.Battlecries.4041,SAY.Battlecries.4042,,
2066,202651,Kerack City Guard,SAY.Battlecries.4033,SAY.Battlecries.4034,SAY.Battlecries.4035,SAY.Battlecries.4036,SAY.Battlecries.4037,,
2067,202650,Kerack Frigate,,,,,,,
2068,202649,Smoke them out!,,,,,,,
2069,202648,Egmund,SAY.Battlecries.4023,SAY.Battlecries.4024,SAY.Battlecries.4025,SAY.Battlecries.4026,SAY.Battlecries.4027,,
2070,202647,King Belohun,SAY.Battlecries.4018,SAY.Battlecries.4019,SAY.Battlecries.4020,SAY.Battlecries.4021,SAY.Battlecries.4022,,
2071,202646,Naval Embargo,,,,,,,
2072,202645,Ildiko,SAY.Battlecries.4028,SAY.Battlecries.4029,SAY.Battlecries.4030,SAY.Battlecries.4031,SAY.Battlecries.4032,,
2073,202644,Viraxas King,SAY.Battlecries.4013,SAY.Battlecries.4014,SAY.Battlecries.4015,SAY.Battlecries.4016,SAY.Battlecries.4017,,
2074,202643,Viraxas Outcast,SAY.Battlecries.4008,SAY.Battlecries.4009,SAY.Battlecries.4010,SAY.Battlecries.4011,SAY.Battlecries.4012,,
2075,202642,Viraxas Prince,SAY.Battlecries.4003,SAY.Battlecries.4004,SAY.Battlecries.4005,SAY.Battlecries.4006,SAY.Battlecries.4007,,
2076,202641,Flaming Rose Footman,SAY.Battlecries.4148,SAY.Battlecries.4149,SAY.Battlecries.4150,SAY.Battlecries.4151,SAY.Battlecries.4152,,
2077,202637,Cleric of Flaming Rose,SAY.Battlecries.4128,SAY.Battlecries.4129,SAY.Battlecries.4130,SAY.Battlecries.4131,SAY.Battlecries.4132,,
2078,202636,Smuggle,,,,,,,
2079,202631,Jacques Grandmaster,SAY.Battlecries.4108,SAY.Battlecries.4109,SAY.Battlecries.4110,SAY.Battlecries.4111,SAY.Battlecries.4112,,
2080,202630,Jacques de Aldersberg,SAY.Battlecries.4103,SAY.Battlecries.4104,SAY.Battlecries.4105,SAY.Battlecries.4106,SAY.Battlecries.4107,,
2081,202629,Jacques Miraculous Child,SAY.Battlecries.4098,SAY.Battlecries.4099,SAY.Battlecries.4100,SAY.Battlecries.4101,SAY.Battlecries.4102,,
2084,202626,Drummond Berserker,SAY.Battlecries.3948,SAY.Battlecries.3949,SAY.Battlecries.3950,SAY.Battlecries.3951,SAY.Battlecries.3952,,
2085,202625,Drummond Villager,SAY.Battlecries.3943,SAY.Battlecries.3944,SAY.Battlecries.3945,SAY.Battlecries.3946,SAY.Battlecries.3947,,
2086,202624,An Craite Raiders,SAY.Battlecries.3933,SAY.Battlecries.3934,SAY.Battlecries.3935,SAY.Battlecries.3936,SAY.Battlecries.3937,,
2087,202623,Tuirseach Invader,SAY.Battlecries.3938,SAY.Battlecries.3939,SAY.Battlecries.3940,SAY.Battlecries.3941,SAY.Battlecries.3942,,
2088,202622,War of Clans,,,,,,,
2089,202621,Herkja Drummond,SAY.Battlecries.3928,SAY.Battlecries.3929,SAY.Battlecries.3930,SAY.Battlecries.3931,SAY.Battlecries.3932,,
2090,202620,Skjordal Drummond,SAY.Battlecries.3923,SAY.Battlecries.3924,SAY.Battlecries.3925,SAY.Battlecries.3926,SAY.Battlecries.3927,,
2091,202619,Blood Eagle,,,,,,,
2092,202618,Tyrggvi Tuirseach,SAY.Battlecries.3918,SAY.Battlecries.3919,SAY.Battlecries.3920,SAY.Battlecries.3921,SAY.Battlecries.3922,,
2093,202616,Harald Warmonger,SAY.Battlecries.3908,SAY.Battlecries.3909,SAY.Battlecries.3910,SAY.Battlecries.3911,SAY.Battlecries.3912,,
2094,202615,Harald an Craite,SAY.Battlecries.3903,SAY.Battlecries.3904,SAY.Battlecries.3905,SAY.Battlecries.3906,SAY.Battlecries.3907,,
2095,202614,An Elle Conqueror,SAY.Battlecries.4088,SAY.Battlecries.4089,SAY.Battlecries.4090,SAY.Battlecries.4091,SAY.Battlecries.4092,,
2096,202613,Naglfar's Taskmaster,SAY.Battlecries.4078,SAY.Battlecries.4079,SAY.Battlecries.4080,SAY.Battlecries.4081,SAY.Battlecries.4082,,
2097,202612,Naglfar's Crew,SAY.Battlecries.4073,SAY.Battlecries.4074,SAY.Battlecries.4075,SAY.Battlecries.4076,SAY.Battlecries.4077,,
2098,202610,The Wild Hunt,,,,,,,
2099,202609,The Apiarian Phantom,,,,,,,
2100,202607,Ard Gaeth,,,,,,,
2101,202605,Auberon Conqueror,SAY.Battlecries.4058,SAY.Battlecries.4059,SAY.Battlecries.4060,SAY.Battlecries.4061,SAY.Battlecries.4062,,
2102,202604,Auberon Invader,SAY.Battlecries.4053,SAY.Battlecries.4054,SAY.Battlecries.4055,SAY.Battlecries.4056,SAY.Battlecries.4057,,
2103,202603,Auberon King,SAY.Battlecries.4048,SAY.Battlecries.4049,SAY.Battlecries.4050,SAY.Battlecries.4051,SAY.Battlecries.4052,,
2104,202601,Offering,,,,,,,
2105,202600,Squirrel,,,,,,,
2106,202599,Will o' the wisp,,,,,,,
2107,202598,Pact,,,,,,,
2108,202597,Marlene de Trastamara,SAY.Battlecries.3893,SAY.Battlecries.3894,SAY.Battlecries.3895,SAY.Battlecries.3896,SAY.Battlecries.3897,,
2109,202596,Allgod,SAY.Battlecries.3888,SAY.Battlecries.3889,SAY.Battlecries.3890,SAY.Battlecries.3891,SAY.Battlecries.3892,,
2110,202595,Siegfried of Denesle,SAY.Battlecries_part6.106,SAY.Battlecries_part6.110,SAY.Battlecries_part6.109,SAY.Battlecries_part6.108,SAY.Battlecries_part6.107,,
2111,202594,Oneiromancy,,,,,,,
2034,202592,Master Mirror,SAY.Battlecries.3873,SAY.Battlecries.3874,SAY.Battlecries.3875,SAY.Battlecries.3876,SAY.Taunts.4242,,
2113,#N/A,Eredin Helmetless,SAY.Battlecries.4245,SAY.Battlecries.4246,SAY.Battlecries.4247,,,,
2114,#N/A,DemavendGhost,SAY.Battlecries.4250,SAY.Battlecries.4251,SAY.Battlecries.4252,,,,
2120,#N/A,Cleaver Ghost,SAY.Battlecries.4281,SAY.Battlecries.4282,SAY.Battlecries.4283,SAY.Battlecries.4284,,,
2121,#N/A,Alzur,SAY.Battlecries.4259,SAY.Battlecries.4260,SAY.Battlecries.4261,SAY.Battlecries.4262,SAY.Battlecries.4263,,
2122,#N/A,Alzur Helmet,SAY.Battlecries.4492,SAY.Battlecries.4493,SAY.Battlecries.4494,SAY.Battlecries.4495,SAY.Battlecries.4496,,
2123,202776,Alzur,SAY.Battlecries.4259,SAY.Battlecries.4260,SAY.Battlecries.4261,SAY.Battlecries.4262,SAY.Battlecries.4263,,
2125,202779,Cosimo Malaspina,SAY.Battlecries.4307,SAY.Battlecries.4308,SAY.Battlecries.4309,SAY.Battlecries.4310,SAY.Battlecries.4311,,
2126,202814,Gerd,SAY.Battlecries.4462,SAY.Battlecries.4463,SAY.Battlecries.4464,SAY.Battlecries.4465,SAY.Battlecries.4466,,
2127,202781,Geralt: Quen,SAY.Battlecries.1,SAY.Battlecries.2,SAY.Battlecries.3,GRLT_GERALT_01054169,GRLT_GERALT_01129033,,
2128,202785,Leo,SAY.Battlecries.4322,SAY.Battlecries.4323,SAY.Battlecries.4324,SAY.Battlecries.4325,SAY.Battlecries.4326,,
2129,202784,Berengar,SAY.Battlecries.4317,SAY.Battlecries.4318,SAY.Battlecries.4319,SAY.Battlecries.4320,SAY.Battlecries.4321,,
2130,202787,Witcher Student,SAY.Battlecries.4327,SAY.Battlecries.4328,SAY.Battlecries.4329,SAY.Battlecries.4330,SAY.Battlecries.4331,,
2131,202788,Red Mutagen,,,,,,,
2132,202789,Blue Mutagen,,,,,,,
2133,202790,Green Mutagen,,,,,,,
2134,202793,Gorthur Gvaed,,,,,,,
2135,202794,Kolgrim,SAY.Battlecries.4342,SAY.Battlecries.4343,SAY.Battlecries.4344,SAY.Battlecries.4345,SAY.Battlecries.4346,,
2137,202800,Coated Weapons,,,,,,,
2138,202804,Brehen,SAY.Battlecries.4412,SAY.Battlecries.4413,SAY.Battlecries.4414,SAY.Battlecries.4415,SAY.Battlecries.4416,,
2139,202805,Gaetan,SAY.Battlecries.4417,SAY.Battlecries.4418,SAY.Battlecries.4419,SAY.Battlecries.4420,SAY.Battlecries.4421,,
2140,202806,Cat Witcher,SAY.Battlecries.4422,SAY.Battlecries.4423,SAY.Battlecries.4424,SAY.Battlecries.4425,SAY.Battlecries.4426,,
2141,202813,Haern Caduch,,,,,,,
2142,202816,Bear Witcher,SAY.Battlecries.4472,SAY.Battlecries.4473,SAY.Battlecries.4474,SAY.Battlecries.4475,SAY.Battlecries.4476,,
2143,202820,Armor Up,,,,,,,
2144,202823,Kaer Seren,,,,,,,
2145,202824,Coen,SAY.Battlecries.4377,SAY.Battlecries.4378,SAY.Battlecries.4379,SAY.Battlecries.4380,SAY.Battlecries.4381,,
2146,202825,Keldar,SAY.Battlecries.4382,SAY.Battlecries.4383,SAY.Battlecries.4384,SAY.Battlecries.4385,SAY.Battlecries.4386,,
2147,202826,Griffin Witcher,SAY.Battlecries.4387,SAY.Battlecries.4388,SAY.Battlecries.4389,SAY.Battlecries.4390,SAY.Battlecries.4391,,
2148,202830,Target Practice,,,,,,,
2149,202836,Succubus,SAY.Battlecries.4332,SAY.Battlecries.4333,SAY.Battlecries.4334,SAY.Battlecries.4335,SAY.Battlecries.4336,,
2150,202841,Fallen Rayla,SAY.Battlecries.4442,SAY.Battlecries.4443,SAY.Battlecries.4444,SAY.Battlecries.4445,SAY.Battlecries.4446,,
2151,202843,Salamandra Hideout,,,,,,,
2152,202845,Gellert Bleinheim,SAY.Battlecries_part6.136,SAY.Battlecries_part6.140,SAY.Battlecries_part6.139,SAY.Battlecries_part6.138,SAY.Battlecries_part6.137,,
2153,202846,Salamandra Lackey,SAY.Battlecries.4447,SAY.Battlecries.4448,SAY.Battlecries.4449,SAY.Battlecries.4450,SAY.Battlecries.4451,,
2154,202848,Salamandra Mage,SAY.Battlecries_part6.206,SAY.Battlecries_part6.210,SAY.Battlecries_part6.209,SAY.Battlecries_part6.208,SAY.Battlecries_part6.207,,
2155,202849,Failed Experiment,SAY.Battlecries.4452,SAY.Battlecries.4453,SAY.Battlecries.4454,SAY.Battlecries.4455,SAY.Battlecries.4456,,
2156,202778,Snowdrop,SAY.Battlecries.4264,SAY.Battlecries.4265,SAY.Battlecries.4266,SAY.Battlecries.4267,SAY.Battlecries.4268,,
2157,202780,Idarran of Ulivo,SAY.Battlecries.4312,SAY.Battlecries.4313,SAY.Battlecries.4314,SAY.Battlecries.4315,SAY.Battlecries.4316,,
2158,202782,Selective Mutation,,,,,,,
2159,202783,Triangle Within a Triangle,,,,,,,
2160,202786,Maxii Van Dekkar,SAY.Battlecries.4302,SAY.Battlecries.4303,SAY.Battlecries.4304,SAY.Battlecries.4305,SAY.Battlecries.4306,,
2161,202791,Ivar Evil-Eye,SAY.Battlecries.4337,SAY.Battlecries.4338,SAY.Battlecries.4339,SAY.Battlecries.4340,SAY.Battlecries.4341,,
2162,202792,Vypper,,,,,,,
2163,202795,Warritt the All-Seeing,SAY.Battlecries.4347,SAY.Battlecries.4348,SAY.Battlecries.4349,SAY.Battlecries.4350,SAY.Battlecries.4351,,
2164,202797,Viper Witcher Mentor,SAY.Battlecries.4357,SAY.Battlecries.4358,SAY.Battlecries.4359,SAY.Battlecries.4360,SAY.Battlecries.4361,,
2165,202798,Viper Witcher Alchemist,SAY.Battlecries.4367,SAY.Battlecries.4368,SAY.Battlecries.4369,SAY.Battlecries.4370,SAY.Battlecries.4371,,
2166,202799,Viper Witcher Adept,SAY.Battlecries.4362,SAY.Battlecries.4363,SAY.Battlecries.4364,SAY.Battlecries.4365,SAY.Battlecries.4366,,
2167,202801,Gezras of Leyda,SAY.Battlecries.4407,SAY.Battlecries.4408,SAY.Battlecries.4409,SAY.Battlecries.4410,SAY.Battlecries.4411,,
2168,202802,Saber-Tooth Tiger,,,,,,,
2169,202803,Stygga Castle,,,,,,,
2170,202807,Cat Witcher Mentor,SAY.Battlecries.4427,SAY.Battlecries.4428,SAY.Battlecries.4429,SAY.Battlecries.4430,SAY.Battlecries.4431,,
2171,202808,Cat Witcher Saboteur,SAY.Battlecries.4437,SAY.Battlecries.4438,SAY.Battlecries.4439,SAY.Battlecries.4440,SAY.Battlecries.4441,,
2172,202809,Cat Witcher Adept,SAY.Battlecries.4432,SAY.Battlecries.4433,SAY.Battlecries.4434,SAY.Battlecries.4435,SAY.Battlecries.4436,,
2173,202810,Making a Bomb,,,,,,,
2174,202811,Arnaghad,SAY.Battlecries.4457,SAY.Battlecries.4458,SAY.Battlecries.4459,SAY.Battlecries.4460,SAY.Battlecries.4461,,
2175,202812,Dire Bear,,,,,,,
2176,202815,Junod of Belhaven,SAY.Battlecries.4467,SAY.Battlecries.4468,SAY.Battlecries.4469,SAY.Battlecries.4470,SAY.Battlecries.4471,,
2177,202817,Bear Witcher Mentor,SAY.Battlecries.4482,SAY.Battlecries.4483,SAY.Battlecries.4484,SAY.Battlecries.4485,SAY.Battlecries.4486,,
2178,202818,Bear Witcher Quatermaster,SAY.Battlecries.4487,SAY.Battlecries.4488,SAY.Battlecries.4489,SAY.Battlecries.4490,SAY.Battlecries.4491,,
2179,202819,Bear Witcher Adept,SAY.Battlecries.4477,SAY.Battlecries.4478,SAY.Battlecries.4479,SAY.Battlecries.4480,SAY.Battlecries.4481,,
2180,202821,Erland of Larvik,SAY.Battlecries.4372,SAY.Battlecries.4373,SAY.Battlecries.4374,SAY.Battlecries.4375,SAY.Battlecries.4376,,
2181,202822,Arch Griffin,,,,,,,
2182,202827,Griffin Witcher Mentor,SAY.Battlecries.4397,SAY.Battlecries.4398,SAY.Battlecries.4399,SAY.Battlecries.4400,SAY.Battlecries.4401,,
2183,202828,Griffin Witcher Ranger,SAY.Battlecries.4402,SAY.Battlecries.4403,SAY.Battlecries.4404,SAY.Battlecries.4405,SAY.Battlecries.4406,,
2184,202829,Griffin Witcher Adept,SAY.Battlecries.4392,SAY.Battlecries.4393,SAY.Battlecries.4394,SAY.Battlecries.4395,SAY.Battlecries.4396,,
2185,202831,Viy,,,,,,,
2186,202832,Koshchey,,,,,,,
2187,202833,Dol Dhu Lokke,,,,,,,
2188,202834,Idr,,,,,,,
2189,202835,Wererat,,,,,,,
2190,202837,Phooca,,,,,,,
2191,202838,Chimera,,,,,,,
2192,202839,Spontaneous Evolution,,,,,,,
2193,202842,Salamander,,,,,,,
2194,202844,Roland Bleinheim,SAY.Battlecries_part6.131,SAY.Battlecries_part6.135,SAY.Battlecries_part6.134,SAY.Battlecries_part6.133,SAY.Battlecries_part6.132,,
2195,202847,Salamandra Abomination,,,,,,,
2196,202850,Stolen Mutagens,,,,,,,
2197,202856,Hybrid,,,,,,,
2198,202879,Madoc,,,,,,,
2205,202880,Anna Henrietta,SAY.Battlecries_part3.306,SAY.Battlecries_part3.307,SAY.Battlecries_part3.308,,,,
2210,202885,Eldain,SAY.Battlecries_part4.173,SAY.Battlecries_part4.174,SAY.Battlecries_part4.175,SAY.Battlecries_part4.176,SAY.Battlecries_part4.177,,
2212,202887,Queen Meve,SAY.Battlecries_part4.138,SAY.Battlecries_part4.139,SAY.Battlecries_part4.140,SAY.Battlecries_part4.141,SAY.Battlecries_part4.142,,
2213,202888,Dettlaff van der Eretein,SAY.Battlecries_part3.259,SAY.Battlecries_part3.260,SAY.Battlecries_part3.261,SAY.Battlecries_part3.262,,,
2218,202905,Rience,SAY.Battlecries_part3.100,SAY.Battlecries_part3.101,SAY.Battlecries_part3.102,SAY.Battlecries_part3.103,,,
2219,202906,Dead Man's Tongue,,,,,,,
2220,202907,Blightmaker,SAY.Battlecries.4590,SAY.Battlecries.4591,SAY.Battlecries.4592,SAY.Battlecries.4593,SAY.Battlecries.4594,,
2221,202910,Bride of the Sea,SAY.Battlecries.4605,SAY.Battlecries.4606,SAY.Battlecries.4607,SAY.Battlecries.4608,SAY.Battlecries.4609,,
2222,202911,Melusine cultist,SAY.Battlecries.4610,SAY.Battlecries.4611,SAY.Battlecries.4612,SAY.Battlecries.4613,SAY.Battlecries.4614,,
2223,202912,Tears of Siren,,,,,,,
2224,202919,Casting Contest,,,,,,,
2225,202920,Ban Ard Student,SAY.Battlecries.4640,SAY.Battlecries.4641,SAY.Battlecries.4642,SAY.Battlecries.4643,SAY.Battlecries.4644,,
2226,202924,Witch apprentice,SAY.Battlecries.4655,SAY.Battlecries.4656,SAY.Battlecries.4657,SAY.Battlecries.4658,SAY.Battlecries.4659,,
2227,202925,The Witchfinder,SAY.Battlecries.4665,SAY.Battlecries.4666,SAY.Battlecries.4667,SAY.Battlecries.4668,SAY.Battlecries.4669,,
2228,202927,Fabian Hale,SAY.Battlecries.4670,SAY.Battlecries.4671,SAY.Battlecries.4672,SAY.Battlecries.4673,SAY.Battlecries.4674,,
2229,202928,Hysteria,,,,,,,
2230,202929,Vigilantes,SAY.Battlecries.4675,SAY.Battlecries.4676,SAY.Battlecries.4677,SAY.Battlecries.4678,SAY.Battlecries.4679,,
2231,202930,Teleportation,,,,,,,
2232,202931,Megascope,,,,,,,
2233,202908,Mage Assassin,SAY.Battlecries.4595,SAY.Battlecries.4596,SAY.Battlecries.4597,SAY.Battlecries.4598,SAY.Battlecries.4599,,
2234,202909,Fulmar,SAY.Battlecries.4600,SAY.Battlecries.4601,SAY.Battlecries.4602,SAY.Battlecries.4603,SAY.Battlecries.4604,,
2236,202914,Vanadain,SAY.Battlecries.4615,SAY.Battlecries.4616,SAY.Battlecries.4617,SAY.Battlecries.4618,SAY.Battlecries.4619,,
2237,202915,Dol Blathanna Sorceress,SAY.Battlecries.4620,SAY.Battlecries.4621,SAY.Battlecries.4622,SAY.Battlecries.4623,SAY.Battlecries.4624,,
2238,202916,Dol Blathanna Whisperer,SAY.Battlecries.4625,SAY.Battlecries.4626,SAY.Battlecries.4627,SAY.Battlecries.4628,SAY.Battlecries.4629,,
2239,202917,Gerhart of Aelle,SAY.Battlecries.4630,SAY.Battlecries.4631,SAY.Battlecries.4632,SAY.Battlecries.4633,SAY.Battlecries.4634,,
2240,202918,Istredd,SAY.Battlecries.4635,SAY.Battlecries.4636,SAY.Battlecries.4637,SAY.Battlecries.4638,SAY.Battlecries.4639,,
2241,202921,She Who Knows,SAY.Battlecries.4645,SAY.Battlecries.4646,SAY.Battlecries.4647,SAY.Battlecries.4648,SAY.Battlecries.4649,,
2242,202922,Rat Catcheress,SAY.Battlecries.4650,SAY.Battlecries.4651,SAY.Battlecries.4652,SAY.Battlecries.4653,SAY.Battlecries.4654,,
2243,202923,Gan Ceann,SAY.Battlecries.4660,SAY.Battlecries.4661,SAY.Battlecries.4662,SAY.Battlecries.4663,SAY.Battlecries.4664,,
2244,202926,Coin Token,,,,,,,
2248,202953,Sunset Wanderers,,,,,,,
2272,202943,Artaud Terranova,SAY.Battlecries.4680,SAY.Battlecries.4681,SAY.Battlecries.4682,SAY.Battlecries.4683,SAY.Battlecries.4684,,
2273,202978,Fercart,SAY.Battlecries.4685,SAY.Battlecries.4686,SAY.Battlecries.4687,SAY.Battlecries.4688,SAY.Battlecries.4689,,
2274,202979,Master of Puppets,SAY.Battlecries.4690,SAY.Battlecries.4691,SAY.Battlecries.4692,SAY.Battlecries.4693,SAY.Battlecries.4694,,
2275,202980,Thanedd Turncoat,SAY.Battlecries.4695,SAY.Battlecries.4696,SAY.Battlecries.4697,SAY.Battlecries.4698,SAY.Battlecries.4699,,
2276,202981,Melusine,,,,,,,
2277,202982,Offering to the Sea,,,,,,,
2278,202983,Havfrue Singer,SAY.Battlecries.4700,SAY.Battlecries.4701,SAY.Battlecries.4702,SAY.Battlecries.4703,SAY.Battlecries.4704,,
2279,202984,Hermit,SAY.Battlecries.4705,SAY.Battlecries.4706,SAY.Battlecries.4707,SAY.Battlecries.4708,SAY.Battlecries.4709,,
2280,202985,Simlas Findabair,SAY.Battlecries.4710,SAY.Battlecries.4711,SAY.Battlecries.4712,SAY.Battlecries.4713,SAY.Battlecries.4714,,
2281,202986,Saov Ainmhi'dh,,,,,,,
2282,202987,Orb of Insight,,,,,,,
2283,202988,Elven Seer,SAY.Battlecries.4715,SAY.Battlecries.4716,SAY.Battlecries.4717,SAY.Battlecries.4718,SAY.Battlecries.4719,,
2284,202989,Tissaia de Vries,SAY.Battlecries.4720,SAY.Battlecries.4721,SAY.Battlecries.4722,SAY.Battlecries.4723,SAY.Battlecries.4724,,
2285,202990,Leticia Charbonneau,SAY.Battlecries.4725,SAY.Battlecries.4726,SAY.Battlecries.4727,SAY.Battlecries.4728,SAY.Battlecries.4729,,
2286,202991,Practice makes Perfect,,,,,,,
2287,202992,Aretuza Student,SAY.Battlecries.4730,SAY.Battlecries.4731,SAY.Battlecries.4732,SAY.Battlecries.4733,SAY.Battlecries.4734,,
2288,202993,Bloody Mistress,,,,,,,
2289,202994,Gernichora,,,,,,,
2290,202995,Mammuna,SAY.Battlecries.4735,SAY.Battlecries.4736,SAY.Battlecries.4737,SAY.Battlecries.4738,SAY.Battlecries.4739,,
2291,202996,Selfeater,SAY.Battlecries.4740,SAY.Battlecries.4741,SAY.Battlecries.4742,SAY.Battlecries.4743,SAY.Battlecries.4744,,
2292,202997,Bleeding Effigy,,,,,,,
2293,202998,The Scoundrel,SAY.Battlecries.4745,SAY.Battlecries.4746,SAY.Battlecries.4747,SAY.Battlecries.4748,SAY.Battlecries.4749,,
2294,202999,Ignatius Hale,SAY.Battlecries.4750,SAY.Battlecries.4751,SAY.Battlecries.4752,SAY.Battlecries.4753,SAY.Battlecries.4754,,
2296,203000,Confession Extractor,,,,,,,
2297,203001,Scapegoat,SAY.Battlecries.4755,SAY.Battlecries.4756,SAY.Battlecries.4757,SAY.Battlecries.4758,SAY.Battlecries.4759,,
2298,203002,Bearification,,,,,,,
2299,203003,Dwimveandra,SAY.Battlecries.4760,SAY.Battlecries.4761,SAY.Battlecries.4762,SAY.Battlecries.4763,SAY.Battlecries.4764,,
2317,203021,Saov Ainmhi'dhr: Unity,,,,,,,
2333,203037,Vilgefortz: Renegade,SAY.Battlecries.4765,SAY.Battlecries.4766,SAY.Battlecries.4767,SAY.Battlecries.4768,SAY.Battlecries.4769,,
2334,203038,Lydia van Bredevoort,SAY.Battlecries.4770,SAY.Battlecries.4771,SAY.Battlecries.4772,SAY.Battlecries.4773,SAY.Battlecries.4774,,
2335,203039,Imperial Practitioner,SAY.Battlecries.4775,SAY.Battlecries.4776,SAY.Battlecries.4777,SAY.Battlecries.4778,SAY.Battlecries.4779,,
2336,203040,Illusionist,SAY.Battlecries.4780,SAY.Battlecries.4781,SAY.Battlecries.4782,SAY.Battlecries.4783,SAY.Battlecries.4784,,
2337,203041,Fucusya,SAY.Battlecries.4785,SAY.Battlecries.4786,SAY.Battlecries.4787,SAY.Battlecries.4788,SAY.Battlecries.4789,,
2338,203042,Rioghan the Undying,SAY.Battlecries.4790,SAY.Battlecries.4791,SAY.Battlecries.4792,SAY.Battlecries.4793,SAY.Battlecries.4794,,
2339,203043,Messenger of the Sea,SAY.Battlecries.4795,SAY.Battlecries.4796,SAY.Battlecries.4797,SAY.Battlecries.4798,SAY.Battlecries.4799,,
2340,203044,Little Havfrue,SAY.Battlecries.4800,SAY.Battlecries.4801,SAY.Battlecries.4802,SAY.Battlecries.4803,SAY.Battlecries.4804,,
2341,203045,Filavandrel an Fidhil,SAY.Battlecries_part3.278,SAY.Battlecries_part3.279,SAY.Battlecries_part3.280,,,,
2342,203046,Torque,SAY.Battlecries.4805,SAY.Battlecries.4806,SAY.Battlecries.4807,SAY.Battlecries.4808,SAY.Battlecries.4809,,
2343,203047,Bountiful Harvest,,,,,,,
2344,203048,Watcher of the Valley,SAY.Battlecries.4810,SAY.Battlecries.4811,SAY.Battlecries.4812,SAY.Battlecries.4813,SAY.Battlecries.4814,,
2345,203049,Chapter of Wizards,SAY.Battlecries.4815,SAY.Battlecries.4816,SAY.Battlecries.4817,SAY.Battlecries.4818,SAY.Battlecries.4819,,
2346,203050,Raffard's Vengeance,SAY.Battlecries.4820,SAY.Battlecries.4821,SAY.Battlecries.4822,SAY.Battlecries.4823,SAY.Battlecries.4824,,
2347,203051,Alumni,SAY.Battlecries.4825,SAY.Battlecries.4826,SAY.Battlecries.4827,SAY.Battlecries.4828,SAY.Battlecries.4829,,
2348,203052,Meditating Mage,,,,,,,
2349,203053,Yaga,SAY.Battlecries.4830,SAY.Battlecries.4831,SAY.Battlecries.4832,SAY.Battlecries.4833,SAY.Battlecries.4834,,
2350,203054,Sabbath,,,,,,,
2351,203055,Incubus,SAY.Battlecries.4835,SAY.Battlecries.4836,SAY.Battlecries.4837,SAY.Battlecries.4838,SAY.Battlecries.4839,,
2352,203056,Lesser Witch,SAY.Battlecries.4840,SAY.Battlecries.4841,SAY.Battlecries.4842,SAY.Battlecries.4843,SAY.Battlecries.4844,,
2353,203057,The Brute,SAY.Battlecries.4845,SAY.Battlecries.4846,SAY.Battlecries.4847,SAY.Battlecries.4848,SAY.Battlecries.4849,,
2354,203058,Octavia Hale,SAY.Battlecries.4850,SAY.Battlecries.4851,SAY.Battlecries.4852,SAY.Battlecries.4853,SAY.Battlecries.4854,,
2355,203059,Purge,,,,,,,
2356,203060,Savvy Huckster,SAY.Battlecries.4855,SAY.Battlecries.4856,SAY.Battlecries.4857,SAY.Battlecries.4858,SAY.Battlecries.4859,,
2357,203061,The Mushy Truffle,,,,,,,
2358,203062,Alissa Henson,SAY.Battlecries.4866,SAY.Battlecries.4867,SAY.Battlecries.4868,SAY.Battlecries.4869,SAY.Battlecries.4870,,
2386,#N/A,Octavia Hale Leader,SAY.Battlecries.4850,SAY.Battlecries.4851,SAY.Battlecries.4852,SAY.Battlecries.4853,SAY.Battlecries.4854,,
2394,#N/A,Regis Human,REGI_Q702_01155230,REGI_Q702_01155490,REGI_Q702_01178597,,,,
2395,#N/A,Regis Human - Plague Doctor,SAY.Battlecries.4891,SAY.Battlecries.4890,SAY.Battlecries.4889,,,,
2387,203090,Saskia: Commander,VO_TARM_200154_0192,VO_TARM_200423_0023,VO_TARM_200423_0024,VO_TARM_200423_0011,,,
2389,203105,Vial of Forbidden Knowledge,,,,,,,
2390,203097,Milva: Sharpshooter,SAY.Battlecries.142,SAY.Battlecries.143,SAY.Battlecries.144,,,,
2391,203099,Regis: Reborn,REGI_Q702_01155230,REGI_Q702_01155490,REGI_Q702_01178597,,,,
2397,203102,Aerondight,,,,,,,
2398,203103,Arcane Tome,,,,,,,
2399,203104,Mysterious Puzzle Box,,,,,,,
2400,203106,Ring of Favour,,,,,,,
2401,203107,Ornate Censer,,,,,,,
2402,203108,Troll Porter,SAY.Battlecries.4949,SAY.Battlecries.4950,SAY.Battlecries.4951,SAY.Battlecries.4952,SAY.Battlecries.4953,,
2403,203109,Runemage,SAY.Battlecries.4880,SAY.Battlecries.4881,SAY.Battlecries.4882,,,,
2404,203110,Obsidian Mirror,,,,,,,
2405,203111,Prophet,SAY.Battlecries.4898,SAY.Battlecries.4899,SAY.Battlecries.4900,,,,
2406,203112,Magic Compass,,,,,,,
2407,203113,Barbarian,SAY.Battlecries.4877,SAY.Battlecries.4878,SAY.Battlecries.4879,,,,
2408,203114,Prism Pendant,,,,,,,
2409,203115,Giant Slayer,SAY.Battlecries.4984,SAY.Battlecries.4985,SAY.Battlecries.4986,SAY.Battlecries.4987,SAY.Battlecries.4988,,
2410,203116,Mutagenator,,,,,,,
2411,203117,Travelling Priestess,SAY.Battlecries.4944,SAY.Battlecries.4945,SAY.Battlecries.4946,SAY.Battlecries.4947,SAY.Battlecries.4948,,
2412,203118,Book of the Dead,,,,,,,
2413,203119,Giant Toad,,,,,,,
2414,203120,The Candle,,,,,,,
2415,203121,Shady Vendor,SAY.Battlecries.4939,SAY.Battlecries.4940,SAY.Battlecries.4941,SAY.Battlecries.4942,SAY.Battlecries.4943,,
2417,203123,Golden Nekker,,,,,,,
2418,203124,Thing from the Box,,,,,,,
2419,203122,Potion of Forbidden Knowledge,,,,,,,
2430,203133,Data only card - Journey 1 Geralt,,,,,,,
2431,203134,Data only card - Journey 2 Ciri,,,,,,,
2432,203135,Data only card - Journey 3 Alzur,,,,,,,
2433,203136,Data only card - Journey 4 Yennefer,,,,,,,
2434,203137,Data only card - Journey 5 Triss,,,,,,,
2435,203138,Data only card - Journey 6 Aretuza,,,,,,,
2436,203139,Data only card - Journey 7 Regis,,,,,,,
2437,203140,Data only card - Journey 8 Dandelion,,,,,,,
2461,203166,Yennefer: Illusionist,YENN_YENNEFER_01041488,YENN_YENNEFER_01041493,YENN_YENNEFER_01041495,,,,
2462,203167,Yennefer's Illusion,,,,,,,
2463,203168,Triss: Rocks,SAY.Battlecries.17,SAY.Battlecries.18,SAY.Battlecries.19,SAY.Battlecries.843,SAY.Battlecries.844,SAY.Battlecries.845,
2359,203063,The Eternal Eclipse,,,,,,,
2360,203064,Master of Ceremonies,SAY.Battlecries.5092,SAY.Battlecries.5093,SAY.Battlecries.5094,SAY.Battlecries.5095,SAY.Battlecries.5096,,
2361,203065,Eternal Eclipse Deacon,SAY.Battlecries.5097,SAY.Battlecries.5098,SAY.Battlecries.5099,SAY.Battlecries.5100,SAY.Battlecries.5101,,
2362,203066,Eternal Eclipse Initiate,SAY.Battlecries.5102,SAY.Battlecries.5103,SAY.Battlecries.5104,SAY.Battlecries.5105,SAY.Battlecries.5106,,
2363,203067,Endless Voyage,,,,,,,
2364,203068,Bjorn Stormursson,SAY.Battlecries.5107,SAY.Battlecries.5108,SAY.Battlecries.5109,SAY.Battlecries.5110,SAY.Battlecries.5111,,
2365,203069,Deranged Corsair,SAY.Battlecries.5112,SAY.Battlecries.5113,SAY.Battlecries.5114,SAY.Battlecries.5115,SAY.Battlecries.5116,,
2366,203070,Seagull,,,,,,,
2367,203071,Loc Feainn,,,,,,,
2368,203072,Lake Guardian: Dusk Aspect,SAY.Battlecries.5117,SAY.Battlecries.5118,SAY.Battlecries.5119,SAY.Battlecries.5120,SAY.Battlecries.5121,,
2369,203073,Antherion,,,,,,,
2370,203074,Chameleon,,,,,,,
2371,203075,A Damsel in Distress,,,,,,,
2372,203076,The Maiden's Shield,,,,,,,
2373,203077,Bronwen the Bold,SAY.Battlecries.5122,SAY.Battlecries.5123,SAY.Battlecries.5124,SAY.Battlecries.5125,SAY.Battlecries.5126,,
2374,203078,Knight Errant,SAY.Battlecries.5127,SAY.Battlecries.5128,SAY.Battlecries.5129,SAY.Battlecries.5130,SAY.Battlecries.5131,,
2375,203079,Squire,SAY.Battlecries.5132,SAY.Battlecries.5133,SAY.Battlecries.5134,SAY.Battlecries.5135,SAY.Battlecries.5136,,
2376,203080,Manor's Dark Secret,,,,,,,
2377,203081,Sir Scratch-A-Lot,,,,,,,
2378,203082,Cursed Damsel,SAY.Battlecries.5137,SAY.Battlecries.5138,SAY.Battlecries.5139,SAY.Battlecries.5140,SAY.Battlecries.5141,,
2379,203083,Orchand Mantrap,,,,,,,
2380,203084,In Search of Forgotten Treasures,,,,,,,
2381,203085,Flyndr's Crew,SAY.Battlecries.5142,SAY.Battlecries.5143,SAY.Battlecries.5144,SAY.Battlecries.5145,SAY.Battlecries.5146,,
2382,203086,Treasure Huntress,SAY.Battlecries.5147,SAY.Battlecries.5148,SAY.Battlecries.5149,SAY.Battlecries.5150,SAY.Battlecries.5151,,
2383,203087,Pearl Diver,,,,,,,
2384,203088,Renfri,SAY.Battlecries.5152,SAY.Battlecries.5153,SAY.Battlecries.5154,SAY.Battlecries.5155,SAY.Battlecries.5156,,
2385,203089,Renfri's Gang,SAY.Battlecries.5157,SAY.Battlecries.5158,SAY.Battlecries.5159,SAY.Battlecries.5160,SAY.Battlecries.5161,,
2420,203127,Lake Guardian: Dawn Aspect,SAY.Battlecries.5117,SAY.Battlecries.5118,SAY.Battlecries.5119,SAY.Battlecries.5120,SAY.Battlecries.5121,,
2464,203171,Eltibald,SAY.Battlecries.5162,SAY.Battlecries.5163,SAY.Battlecries.5164,SAY.Battlecries.5165,SAY.Battlecries.5166,,
2465,203172,Curse,,,,,,,
2466,203179,Blessing of Chastity,,,,,,,
2468,203186,Data only card 5,,,,,,,
2469,203126,Bjorn's Drakkar,,,,,,,
2475,203188,Ace up the Sleeve,,,,,,,
2476,203190,Rock,,,,,,,
2438,203141,Beauclair,,,,,,,
2439,203142,Guillaume de Launfal,SAY.Battlecries_part5.140,SAY.Battlecries_part5.141,SAY.Battlecries_part5.142,SAY.Battlecries_part5.143,SAY.Battlecries_part5.144,,
2440,203143,Bouhurt,,,,,,,
2441,203144,Knight Challenger,SAY.Battlecries.5167,SAY.Battlecries.5168,SAY.Battlecries.5169,SAY.Battlecries.5170,SAY.Battlecries.5171,,
2442,203145,Sove,SAY.Battlecries.5172,SAY.Battlecries.5173,SAY.Battlecries.5174,SAY.Battlecries.5175,SAY.Battlecries.5176,,
2443,203146,Ulula,SAY.Battlecries.5177,SAY.Battlecries.5178,SAY.Battlecries.5179,SAY.Battlecries.5180,SAY.Battlecries.5181,,
2444,203147,Feral Bond,,,,,,,
2445,203148,Brokvar Warrior,SAY.Battlecries.5182,SAY.Battlecries.5183,SAY.Battlecries.5184,SAY.Battlecries.5185,SAY.Battlecries.5186,,
2446,203149,NamedNaiad,SAY.Battlecries.5187,SAY.Battlecries.5188,SAY.Battlecries.5189,SAY.Battlecries.5190,SAY.Battlecries.5191,,
2447,203150,Frog Mating Season,,,,,,,
2448,203151,Naiad Pondkeeper,SAY.Battlecries.5192,SAY.Battlecries.5193,SAY.Battlecries.5194,SAY.Battlecries.5195,SAY.Battlecries.5196,,
2449,203152,Naiad Fledgling,SAY.Battlecries.5197,SAY.Battlecries.5198,SAY.Battlecries.5199,SAY.Battlecries.5200,SAY.Battlecries.5201,,
2450,203153,Frog,,,,,,,
2451,203154,Boholt,SAY.Battlecries.5202,SAY.Battlecries.5203,SAY.Battlecries.5204,SAY.Battlecries.5205,SAY.Battlecries.5206,,
2452,203155,Kennet and Gar,SAY.Battlecries.5207,SAY.Battlecries.5208,SAY.Battlecries.5209,SAY.Battlecries.5210,SAY.Battlecries.5211,,
2453,203158,Tir n Lia,,,,,,,
2454,203159,Caranthir: The Golden Child,SAY.Battlecries.5270,SAY.Battlecries.5271,SAY.Battlecries.5272,,,,
2455,203160,Aen Elle Aristocrat,SAY.Battlecries.5212,SAY.Battlecries.5213,SAY.Battlecries.5214,SAY.Battlecries.5215,SAY.Battlecries.5216,,
2456,203161,Aen Elle Slave Trader,SAY.Battlecries.5217,SAY.Battlecries.5218,SAY.Battlecries.5219,SAY.Battlecries.5220,SAY.Battlecries.5221,,
2457,203162,Sigi Reuven: Mastermind,SAY.Battlecries.5290,SAY.Battlecries.5291,SAY.Battlecries.5292,SAY.Battlecries.5293,SAY.Battlecries.5294,,
2458,203163,Bart,SAY.Battlecries.5222,SAY.Battlecries.5223,SAY.Battlecries.5224,SAY.Battlecries.5225,SAY.Battlecries.5226,,
2459,203164,Little Bird,SAY.Battlecries.5227,SAY.Battlecries.5228,SAY.Battlecries.5229,SAY.Battlecries.5230,SAY.Battlecries.5231,,
2460,203165,Pulling The Strings,,,,,,,
2474,203187,Skellige Wolf,,,,,,,
2487,203157,Reaver Scout,SAY.Battlecries.5267,SAY.Battlecries.5268,SAY.Battlecries.5269,,,,
2488,203156,Reaver Hunters,SAY.Battlecries.5264,SAY.Battlecries.5265,SAY.Battlecries.5266,,,,
2477,203191,Ard Feainn,,,,,,,
2478,203192,Torres var Emreis,SAY.Battlecries.5232,SAY.Battlecries.5233,SAY.Battlecries.5234,SAY.Battlecries.5235,SAY.Battlecries.5236,,
2479,203194,Tyr,SAY.Battlecries_part3.56,SAY.Battlecries_part3.57,SAY.Battlecries_part3.58,SAY.Battlecries.5277,SAY.Battlecries.5278,SAY.Battlecries.5279,
2480,203195,Dana Meabdh: Tranquility,SAY.Battlecries.5280,SAY.Battlecries.5281,SAY.Battlecries.5282,SAY.Battlecries.5283,SAY.Battlecries.5284,,
2481,203196,Named Unicorn,SAY.Battlecries.5237,SAY.Battlecries.5238,SAY.Battlecries.5239,SAY.Battlecries.5240,SAY.Battlecries.5241,,
2482,203197,Melitele,,,,,,,
2483,203198,Temple of Melitele,,,,,,,
2484,203200,Lilith's Omen,,,,,,,
2485,203201,Saint Gregory,SAY.Battlecries.5242,SAY.Battlecries.5243,SAY.Battlecries.5244,SAY.Battlecries.5245,SAY.Battlecries.5246,,
2486,203202,Count Reuven's Treasure,,,,,,,
2489,203210,Abduction,,,,,,,
2490,203211,Sandor de Baccala,SAY.Battlecries.5295,SAY.Battlecries.5296,SAY.Battlecries.5297,SAY.Battlecries.5298,SAY.Battlecries.5299,,
2491,203212,Contaminator,SAY.Battlecries.5300,SAY.Battlecries.5301,SAY.Battlecries.5302,SAY.Battlecries.5303,SAY.Battlecries.5304,,
2492,203213,Toxicologist,SAY.Battlecries.5305,SAY.Battlecries.5306,SAY.Battlecries.5307,SAY.Battlecries.5308,SAY.Battlecries.5309,,
2493,203214,Kraken,,,,,,,
2494,203215,Kelpie,,,,,,,
2495,203216,Sea Serpent,,,,,,,
2496,203217,Anglerfish,,,,,,,
2497,203218,Telianyn Aep Collen,SAY.Battlecries.5310,SAY.Battlecries.5311,SAY.Battlecries.5312,SAY.Battlecries.5313,SAY.Battlecries.5314,,
2498,203219,The Heist,,,,,,,
2499,203220,Backup Plan,,,,,,,
2500,203221,Trickster,SAY.Battlecries.5315,SAY.Battlecries.5316,SAY.Battlecries.5317,SAY.Battlecries.5318,SAY.Battlecries.5319,,
2501,203222,Dijkstra,SAY.Battlecries.5320,SAY.Battlecries.5321,SAY.Battlecries.5322,SAY.Battlecries.5323,,,
2502,203223,Drakenborg,,,,,,,
2503,203224,Redanian Secret Service,SAY.Battlecries.5325,SAY.Battlecries.5326,SAY.Battlecries.5327,SAY.Battlecries.5328,SAY.Battlecries.5329,,
2504,203225,Redanian Agent,SAY.Battlecries.5330,SAY.Battlecries.5331,SAY.Battlecries.5332,SAY.Battlecries.5333,SAY.Battlecries.5334,,
2505,203226,Hive Mind,,,,,,,
2506,203227,Acid Spit,,,,,,,
2507,203228,Kikimore Stalker,,,,,,,
2508,203229,Kikimore Hatchling,,,,,,,
2509,203230,Casimir Bassi,SAY.Battlecries.5340,SAY.Battlecries.5341,SAY.Battlecries.5342,SAY.Battlecries.5343,SAY.Battlecries.5344,,
2510,203231,Eveline Gallo,SAY.Battlecries.5345,SAY.Battlecries.5346,SAY.Battlecries.5347,SAY.Battlecries.5348,SAY.Battlecries.5349,,
2511,203232,Open Sesame!,,,,,,,
2512,203233,Oxenfurt Guard,SAY.Battlecries.5350,SAY.Battlecries.5351,SAY.Battlecries.5352,SAY.Battlecries.5353,SAY.Battlecries.5354,,
2517,203237,Cargo,,,,,,,
2518,203238,Explosives,,,,,,,
2555,#N/A,Tutorial Bandit,SAY.Battlecries.5375,,,,,,
2556,#N/A,Tutorial Archer,SAY.Battlecries.5382,,,,,,
2519,203239,Baccal,,,,,,,
2520,203240,Admiral Rompally,SAY.Battlecries.5411,SAY.Battlecries.5412,SAY.Battlecries.5413,SAY.Battlecries.5414,SAY.Battlecries.5415,,
2521,203241,Catriona,,,,,,,
2522,203242,Battle Stations,,,,,,,
2523,203243,Imperial Fleet,,,,,,,
2524,203244,Imperial Marine,SAY.Battlecries.5416,SAY.Battlecries.5417,SAY.Battlecries.5418,SAY.Battlecries.5419,SAY.Battlecries.5420,,
2525,203245,Hjalmar: Seawolf,SAY.Battlecries.450,SAY.Battlecries.451,SAY.Battlecries.452,SAY.Battlecries.453,,,
2526,203246,Kaer Trolde,,,,,,,
2527,203247,Yustianna an Craite,SAY.Battlecries.5421,SAY.Battlecries.5422,SAY.Battlecries.5423,SAY.Battlecries.5424,SAY.Battlecries.5425,,
2528,203248,Naval Supremacy,,,,,,,
2529,203249,Abordage,,,,,,,
2530,203250,Funeral Boat,,,,,,,
2531,203251,Angu Bri Cri,SAY.Battlecries.5426,SAY.Battlecries.5427,SAY.Battlecries.5428,SAY.Battlecries.5429,SAY.Battlecries.5430,,
2532,203252,Riordain,SAY.Battlecries.5431,SAY.Battlecries.5432,SAY.Battlecries.5433,SAY.Battlecries.5434,SAY.Battlecries.5435,,
2533,203253,Deception,,,,,,,
2534,203254,Sticky Situation,,,,,,,
2535,203255,Hostage Taker,,,,,,,
2536,203256,Trapmaker,SAY.Battlecries.5441,SAY.Battlecries.5442,SAY.Battlecries.5443,SAY.Battlecries.5444,SAY.Battlecries.5445,,
2537,203257,Ravenen Kimbolt,SAY.Battlecries.5446,SAY.Battlecries.5447,SAY.Battlecries.5448,SAY.Battlecries.5449,SAY.Battlecries.5450,,
2538,203258,Demavend,SAY.Battlecries_part3.189,SAY.Battlecries_part3.190,SAY.Battlecries_part3.191,SAY.Battlecries.5480,SAY.Battlecries.5481,SAY.Battlecries.5482,
2539,203259,Bernard Loredo,SAY.Battlecries.5451,SAY.Battlecries.5452,SAY.Battlecries.5453,SAY.Battlecries.5454,SAY.Battlecries.5455,,
2540,203260,Flotsam,,,,,,,
2541,203261,Ship Ballista,SAY.Battlecries.5456,SAY.Battlecries.5457,SAY.Battlecries.5458,SAY.Battlecries.5459,SAY.Battlecries.5460,,
2542,203262,Onager,,,,,,,
2543,203263,King Chrum,,,,,,,
2544,203264,Tugo the Elder,,,,,,,
2545,203265,Lord Riptide,,,,,,,
2546,203266,Girdle of Giant Strength,,,,,,,
2547,203267,Ogre Warrior,,,,,,,
2548,203268,Cyclop Warrior,,,,,,,
2549,203269,Acherontia,,,,,,,
2550,203270,Captain Yago,SAY.Battlecries.5461,SAY.Battlecries.5462,SAY.Battlecries.5463,SAY.Battlecries.5464,SAY.Battlecries.5465,,
2551,203271,Ixora,SAY.Battlecries.5466,SAY.Battlecries.5467,SAY.Battlecries.5468,SAY.Battlecries.5469,SAY.Battlecries.5470,,
2552,203272,Mercenary Contract,,,,,,,
2553,203273,Magpie,,,,,,,
2554,203274,Acherontia Deckhand,SAY.Battlecries.5471,SAY.Battlecries.5472,SAY.Battlecries.5473,SAY.Battlecries.5474,SAY.Battlecries.5475,,
2558,203276,Rosa and Edna var Attre,SAY.Battlecries.5491,SAY.Battlecries.5492,SAY.Battlecries.5493,SAY.Battlecries.5494,SAY.Battlecries.5495,,
2559,203277,Oktell,SAY.Battlecries_part3.51,SAY.Battlecries_part3.52,SAY.Battlecries_part3.53,,,,
2560,203278,Heulyn,SAY.Battlecries.5496,SAY.Battlecries.5497,SAY.Battlecries.5498,SAY.Battlecries.5499,SAY.Battlecries.5500,,
2561,203279,Mahakam,,,,,,,
2562,203280,Eudora Breckenriggs,SAY.Battlecries.5501,SAY.Battlecries.5502,SAY.Battlecries.5503,SAY.Battlecries.5504,SAY.Battlecries.5505,,
2564,203282,King Radovid V: Judgement,SAY.Battlecries.5485,SAY.Battlecries.5486,SAY.Battlecries.5487,SAY.Battlecries.5488,SAY.Battlecries.5489,SAY.Battlecries.5490,
2565,203283,Lara Dorren,SAY.Battlecries.5506,SAY.Battlecries.5507,SAY.Battlecries.5508,SAY.Battlecries.5509,SAY.Battlecries.5510,,
2566,203284,Vereena,SAY.Battlecries.5511,SAY.Battlecries.5512,SAY.Battlecries.5513,SAY.Battlecries.5514,SAY.Battlecries.5515,,
2567,203285,Novigrad,,,,,,,
2568,203286,Madam Marquise Serenity,SAY.Battlecries.5516,SAY.Battlecries.5517,SAY.Battlecries.5518,SAY.Battlecries.5519,SAY.Battlecries.5520,,
